way,acc_mean,acc_std,learning_rate,n_estimators,num_leaves
short_tf5_0.838,0.652632,0.098761,0.001,40.0,31.0
short_tf5_0.838,0.652632,0.098761,0.001,40.0,50.0
short_tf5_0.838,0.652632,0.098761,0.001,40.0,100.0
short_tf5_0.838,0.652632,0.098761,0.001,40.0,150.0
short_tf5_0.838,0.652632,0.098761,0.001,40.0,200.0
short_tf5_0.838,0.652632,0.098761,0.001,40.0,250.0
short_tf5_0.838,0.652632,0.098761,0.001,60.0,31.0
short_tf5_0.838,0.652632,0.098761,0.001,60.0,50.0
short_tf5_0.838,0.652632,0.098761,0.001,60.0,100.0
short_tf5_0.838,0.652632,0.098761,0.001,60.0,150.0
short_tf5_0.838,0.652632,0.098761,0.001,60.0,200.0
short_tf5_0.838,0.652632,0.098761,0.001,60.0,250.0
short_tf5_0.838,0.652632,0.098761,0.001,80.0,31.0
short_tf5_0.838,0.652632,0.098761,0.001,80.0,50.0
short_tf5_0.838,0.652632,0.098761,0.001,80.0,100.0
short_tf5_0.838,0.652632,0.098761,0.001,80.0,150.0
short_tf5_0.838,0.652632,0.098761,0.001,80.0,200.0
short_tf5_0.838,0.652632,0.098761,0.001,80.0,250.0
short_tf5_0.838,0.652632,0.098761,0.001,100.0,31.0
short_tf5_0.838,0.652632,0.098761,0.001,100.0,50.0
short_tf5_0.838,0.652632,0.098761,0.001,100.0,100.0
short_tf5_0.838,0.652632,0.098761,0.001,100.0,150.0
short_tf5_0.838,0.652632,0.098761,0.001,100.0,200.0
short_tf5_0.838,0.652632,0.098761,0.001,100.0,250.0
short_tf5_0.838,0.652632,0.098761,0.001,120.0,31.0
short_tf5_0.838,0.652632,0.098761,0.001,120.0,50.0
short_tf5_0.838,0.652632,0.098761,0.001,120.0,100.0
short_tf5_0.838,0.652632,0.098761,0.001,120.0,150.0
short_tf5_0.838,0.652632,0.098761,0.001,120.0,200.0
short_tf5_0.838,0.652632,0.098761,0.001,120.0,250.0
short_tf5_0.838,0.652632,0.098761,0.001,140.0,31.0
short_tf5_0.838,0.652632,0.098761,0.001,140.0,50.0
short_tf5_0.838,0.652632,0.098761,0.001,140.0,100.0
short_tf5_0.838,0.652632,0.098761,0.001,140.0,150.0
short_tf5_0.838,0.652632,0.098761,0.001,140.0,200.0
short_tf5_0.838,0.652632,0.098761,0.001,140.0,250.0
short_tf5_0.838,0.652632,0.098761,0.001,160.0,31.0
short_tf5_0.838,0.652632,0.098761,0.001,160.0,50.0
short_tf5_0.838,0.652632,0.098761,0.001,160.0,100.0
short_tf5_0.838,0.652632,0.098761,0.001,160.0,150.0
short_tf5_0.838,0.652632,0.098761,0.001,160.0,200.0
short_tf5_0.838,0.652632,0.098761,0.001,160.0,250.0
short_tf5_0.838,0.652632,0.098761,0.001,180.0,31.0
short_tf5_0.838,0.652632,0.098761,0.001,180.0,50.0
short_tf5_0.838,0.652632,0.098761,0.001,180.0,100.0
short_tf5_0.838,0.652632,0.098761,0.001,180.0,150.0
short_tf5_0.838,0.652632,0.098761,0.001,180.0,200.0
short_tf5_0.838,0.652632,0.098761,0.001,180.0,250.0
short_tf5_0.838,0.651821,0.098013,0.001,200.0,31.0
short_tf5_0.838,0.653342,0.099432,0.001,200.0,50.0
short_tf5_0.838,0.662283,0.109125,0.001,200.0,100.0
short_tf5_0.838,0.662283,0.109125,0.001,200.0,150.0
short_tf5_0.838,0.662283,0.109125,0.001,200.0,200.0
short_tf5_0.838,0.662283,0.109125,0.001,200.0,250.0
short_tf5_0.838,0.67207,0.121876,0.001,220.0,31.0
short_tf5_0.838,0.671816,0.121523,0.001,220.0,50.0
short_tf5_0.838,0.664092,0.111332,0.001,220.0,100.0
short_tf5_0.838,0.664092,0.111332,0.001,220.0,150.0
short_tf5_0.838,0.664092,0.111332,0.001,220.0,200.0
short_tf5_0.838,0.664092,0.111332,0.001,220.0,250.0
short_tf5_0.838,0.651821,0.098013,0.005,40.0,31.0
short_tf5_0.838,0.652801,0.098919,0.005,40.0,50.0
short_tf5_0.838,0.662283,0.109125,0.005,40.0,100.0
short_tf5_0.838,0.662283,0.109125,0.005,40.0,150.0
short_tf5_0.838,0.662283,0.109125,0.005,40.0,200.0
short_tf5_0.838,0.662283,0.109125,0.005,40.0,250.0
short_tf5_0.838,0.677884,0.126982,0.005,60.0,31.0
short_tf5_0.838,0.681822,0.122841,0.005,60.0,50.0
short_tf5_0.838,0.683259,0.120883,0.005,60.0,100.0
short_tf5_0.838,0.685253,0.123713,0.005,60.0,150.0
short_tf5_0.838,0.716403,0.089817,0.005,60.0,200.0
short_tf5_0.838,0.756089,0.071615,0.005,60.0,250.0
short_tf5_0.838,0.813623,0.018901,0.005,80.0,31.0
short_tf5_0.838,0.813031,0.022303,0.005,80.0,50.0
short_tf5_0.838,0.811121,0.024857,0.005,80.0,100.0
short_tf5_0.838,0.806152,0.019202,0.005,80.0,150.0
short_tf5_0.838,0.796755,0.031623,0.005,80.0,200.0
short_tf5_0.838,0.799087,0.029629,0.005,80.0,250.0
short_tf5_0.838,0.830863,0.009901,0.005,100.0,31.0
short_tf5_0.838,0.830964,0.011428,0.005,100.0,50.0
short_tf5_0.838,0.81822,0.021153,0.005,100.0,100.0
short_tf5_0.838,0.81075,0.016045,0.005,100.0,150.0
short_tf5_0.838,0.8036,0.024721,0.005,100.0,200.0
short_tf5_0.838,0.800997,0.031097,0.005,100.0,250.0
short_tf5_0.838,0.834547,0.011525,0.005,120.0,31.0
short_tf5_0.838,0.832384,0.009049,0.005,120.0,50.0
short_tf5_0.838,0.817358,0.017648,0.005,120.0,100.0
short_tf5_0.838,0.811257,0.017998,0.005,120.0,150.0
short_tf5_0.838,0.810665,0.021166,0.005,120.0,200.0
short_tf5_0.838,0.805713,0.028475,0.005,120.0,250.0
short_tf5_0.838,0.834328,0.008595,0.005,140.0,31.0
short_tf5_0.838,0.832908,0.01029,0.005,140.0,50.0
short_tf5_0.838,0.818355,0.01717,0.005,140.0,100.0
short_tf5_0.838,0.812203,0.017015,0.005,140.0,150.0
short_tf5_0.838,0.809482,0.021364,0.005,140.0,200.0
short_tf5_0.838,0.808941,0.021934,0.005,140.0,250.0
short_tf5_0.838,0.831522,0.007221,0.005,160.0,31.0
short_tf5_0.838,0.832367,0.011014,0.005,160.0,50.0
short_tf5_0.838,0.816141,0.017165,0.005,160.0,100.0
short_tf5_0.838,0.813488,0.016278,0.005,160.0,150.0
short_tf5_0.838,0.808789,0.02155,0.005,160.0,200.0
short_tf5_0.838,0.81342,0.017749,0.005,160.0,250.0
short_tf5_0.838,0.832215,0.007095,0.005,180.0,31.0
short_tf5_0.838,0.832942,0.010582,0.005,180.0,50.0
short_tf5_0.838,0.817916,0.017508,0.005,180.0,100.0
short_tf5_0.838,0.814958,0.016997,0.005,180.0,150.0
short_tf5_0.838,0.811612,0.018196,0.005,180.0,200.0
short_tf5_0.838,0.812507,0.017211,0.005,180.0,250.0
short_tf5_0.838,0.832401,0.007385,0.005,200.0,31.0
short_tf5_0.838,0.832959,0.01162,0.005,200.0,50.0
short_tf5_0.838,0.818643,0.016939,0.005,200.0,100.0
short_tf5_0.838,0.815668,0.017967,0.005,200.0,150.0
short_tf5_0.838,0.812321,0.018603,0.005,200.0,200.0
short_tf5_0.838,0.812829,0.017571,0.005,200.0,250.0
short_tf5_0.838,0.83093,0.006981,0.005,220.0,31.0
short_tf5_0.838,0.833449,0.012829,0.005,220.0,50.0
short_tf5_0.838,0.820029,0.018487,0.005,220.0,100.0
short_tf5_0.838,0.817409,0.017831,0.005,220.0,150.0
short_tf5_0.838,0.810699,0.020252,0.005,220.0,200.0
short_tf5_0.838,0.813217,0.01797,0.005,220.0,250.0
short_tf5_0.838,0.816699,0.019277,0.01,40.0,31.0
short_tf5_0.838,0.813995,0.023715,0.01,40.0,50.0
short_tf5_0.838,0.811358,0.024305,0.01,40.0,100.0
short_tf5_0.838,0.806338,0.018942,0.01,40.0,150.0
short_tf5_0.838,0.795994,0.030688,0.01,40.0,200.0
short_tf5_0.838,0.797684,0.030117,0.01,40.0,250.0
short_tf5_0.838,0.83399,0.011374,0.01,60.0,31.0
short_tf5_0.838,0.833246,0.011059,0.01,60.0,50.0
short_tf5_0.838,0.817054,0.017548,0.01,60.0,100.0
short_tf5_0.838,0.811713,0.017928,0.01,60.0,150.0
short_tf5_0.838,0.806761,0.02594,0.01,60.0,200.0
short_tf5_0.838,0.80622,0.026945,0.01,60.0,250.0
short_tf5_0.838,0.832249,0.007849,0.01,80.0,31.0
short_tf5_0.838,0.833212,0.009634,0.01,80.0,50.0
short_tf5_0.838,0.81506,0.017027,0.01,80.0,100.0
short_tf5_0.838,0.813961,0.016496,0.01,80.0,150.0
short_tf5_0.838,0.808113,0.021568,0.01,80.0,200.0
short_tf5_0.838,0.807741,0.023713,0.01,80.0,250.0
short_tf5_0.838,0.831945,0.007028,0.01,100.0,31.0
short_tf5_0.838,0.832012,0.011853,0.01,100.0,50.0
short_tf5_0.838,0.818406,0.018182,0.01,100.0,100.0
short_tf5_0.838,0.81462,0.017641,0.01,100.0,150.0
short_tf5_0.838,0.811831,0.018651,0.01,100.0,200.0
short_tf5_0.838,0.812288,0.016846,0.01,100.0,250.0
short_tf5_0.838,0.833905,0.010421,0.01,120.0,31.0
short_tf5_0.838,0.831218,0.012182,0.01,120.0,50.0
short_tf5_0.838,0.821685,0.01784,0.01,120.0,100.0
short_tf5_0.838,0.818102,0.017675,0.01,120.0,150.0
short_tf5_0.838,0.812778,0.019356,0.01,120.0,200.0
short_tf5_0.838,0.813623,0.018567,0.01,120.0,250.0
short_tf5_0.838,0.83448,0.012421,0.01,140.0,31.0
short_tf5_0.838,0.831471,0.01477,0.01,140.0,50.0
short_tf5_0.838,0.822851,0.017447,0.01,140.0,100.0
short_tf5_0.838,0.820586,0.018349,0.01,140.0,150.0
short_tf5_0.838,0.814164,0.019475,0.01,140.0,200.0
short_tf5_0.838,0.818119,0.016761,0.01,140.0,250.0
short_tf5_0.838,0.835849,0.013909,0.01,160.0,31.0
short_tf5_0.838,0.831539,0.019353,0.01,160.0,50.0
short_tf5_0.838,0.825218,0.016943,0.01,160.0,100.0
short_tf5_0.838,0.821601,0.017805,0.01,160.0,150.0
short_tf5_0.838,0.815702,0.01763,0.01,160.0,200.0
short_tf5_0.838,0.820908,0.014812,0.01,160.0,250.0
short_tf5_0.838,0.830829,0.021841,0.01,180.0,31.0
short_tf5_0.838,0.830609,0.019485,0.01,180.0,50.0
short_tf5_0.838,0.817493,0.025106,0.01,180.0,100.0
short_tf5_0.838,0.821702,0.017718,0.01,180.0,150.0
short_tf5_0.838,0.816851,0.016637,0.01,180.0,200.0
short_tf5_0.838,0.820975,0.014877,0.01,180.0,250.0
short_tf5_0.838,0.836052,0.015616,0.01,200.0,31.0
short_tf5_0.838,0.830356,0.017228,0.01,200.0,50.0
short_tf5_0.838,0.815195,0.028651,0.01,200.0,100.0
short_tf5_0.838,0.822074,0.01757,0.01,200.0,150.0
short_tf5_0.838,0.814789,0.016788,0.01,200.0,200.0
short_tf5_0.838,0.821415,0.015487,0.01,200.0,250.0
short_tf5_0.838,0.837032,0.018214,0.01,220.0,31.0
short_tf5_0.838,0.833364,0.016307,0.01,220.0,50.0
short_tf5_0.838,0.817578,0.02816,0.01,220.0,100.0
short_tf5_0.838,0.822716,0.017299,0.01,220.0,150.0
short_tf5_0.838,0.817206,0.015863,0.01,220.0,200.0
short_tf5_0.838,0.82111,0.015314,0.01,220.0,250.0
short_tf5_0.838,0.825471,0.030046,0.05,40.0,31.0
short_tf5_0.838,0.830576,0.016902,0.05,40.0,50.0
short_tf5_0.838,0.812981,0.02787,0.05,40.0,100.0
short_tf5_0.838,0.821803,0.017414,0.05,40.0,150.0
short_tf5_0.838,0.816919,0.017871,0.05,40.0,200.0
short_tf5_0.838,0.821533,0.015928,0.05,40.0,250.0
short_tf5_0.838,0.835578,0.021368,0.05,60.0,31.0
short_tf5_0.838,0.833111,0.015427,0.05,60.0,50.0
short_tf5_0.838,0.812237,0.027062,0.05,60.0,100.0
short_tf5_0.838,0.820401,0.014511,0.05,60.0,150.0
short_tf5_0.838,0.819488,0.015841,0.05,60.0,200.0
short_tf5_0.838,0.822091,0.013906,0.05,60.0,250.0
short_tf5_0.838,0.838519,0.019701,0.05,80.0,31.0
short_tf5_0.838,0.833466,0.015914,0.05,80.0,50.0
short_tf5_0.838,0.813843,0.028972,0.05,80.0,100.0
short_tf5_0.838,0.823815,0.014868,0.05,80.0,150.0
short_tf5_0.838,0.821837,0.017503,0.05,80.0,200.0
short_tf5_0.838,0.823527,0.014283,0.05,80.0,250.0
short_tf5_0.838,0.834193,0.02571,0.05,100.0,31.0
short_tf5_0.838,0.83399,0.017176,0.05,100.0,50.0
short_tf5_0.838,0.815769,0.032322,0.05,100.0,100.0
short_tf5_0.838,0.82515,0.016555,0.05,100.0,150.0
short_tf5_0.838,0.818795,0.021388,0.05,100.0,200.0
short_tf5_0.838,0.823916,0.013622,0.05,100.0,250.0
short_tf5_0.838,0.830745,0.033021,0.05,120.0,31.0
short_tf5_0.838,0.831235,0.022348,0.05,120.0,50.0
short_tf5_0.838,0.81631,0.03362,0.05,120.0,100.0
short_tf5_0.838,0.826316,0.018701,0.05,120.0,150.0
short_tf5_0.838,0.821195,0.02124,0.05,120.0,200.0
short_tf5_0.838,0.825742,0.01443,0.05,120.0,250.0
short_tf5_0.838,0.830457,0.032041,0.05,140.0,31.0
short_tf5_0.838,0.828463,0.029681,0.05,140.0,50.0
short_tf5_0.838,0.815651,0.035995,0.05,140.0,100.0
short_tf5_0.838,0.825961,0.022055,0.05,140.0,150.0
short_tf5_0.838,0.823342,0.021213,0.05,140.0,200.0
short_tf5_0.838,0.827432,0.014816,0.05,140.0,250.0
short_tf5_0.838,0.829173,0.034033,0.05,160.0,31.0
short_tf5_0.838,0.824981,0.036087,0.05,160.0,50.0
short_tf5_0.838,0.81631,0.038128,0.05,160.0,100.0
short_tf5_0.838,0.826249,0.022106,0.05,160.0,150.0
short_tf5_0.838,0.823544,0.020787,0.05,160.0,200.0
short_tf5_0.838,0.826975,0.015146,0.05,160.0,250.0
short_tf5_0.838,0.828649,0.035487,0.05,180.0,31.0
short_tf5_0.838,0.824305,0.037694,0.05,180.0,50.0
short_tf5_0.838,0.815195,0.039815,0.05,180.0,100.0
short_tf5_0.838,0.824626,0.023448,0.05,180.0,150.0
short_tf5_0.838,0.823325,0.021521,0.05,180.0,200.0
short_tf5_0.838,0.825454,0.017127,0.05,180.0,250.0
short_tf5_0.838,0.825674,0.039153,0.05,200.0,31.0
short_tf5_0.838,0.82368,0.038326,0.05,200.0,50.0
short_tf5_0.838,0.814586,0.040922,0.05,200.0,100.0
short_tf5_0.838,0.825032,0.024383,0.05,200.0,150.0
short_tf5_0.838,0.821313,0.022878,0.05,200.0,200.0
short_tf5_0.838,0.82493,0.018517,0.05,200.0,250.0
short_tf5_0.838,0.825691,0.038577,0.05,220.0,31.0
short_tf5_0.838,0.825235,0.036339,0.05,220.0,50.0
short_tf5_0.838,0.815972,0.039542,0.05,220.0,100.0
short_tf5_0.838,0.825201,0.026001,0.05,220.0,150.0
short_tf5_0.838,0.820823,0.024527,0.05,220.0,200.0
short_tf5_0.838,0.82422,0.018873,0.05,220.0,250.0
short_tf5_0.838,0.834767,0.022221,0.1,40.0,31.0
short_tf5_0.838,0.83164,0.018953,0.1,40.0,50.0
short_tf5_0.838,0.818085,0.026884,0.1,40.0,100.0
short_tf5_0.838,0.819927,0.015604,0.1,40.0,150.0
short_tf5_0.838,0.81893,0.016713,0.1,40.0,200.0
short_tf5_0.838,0.823511,0.013973,0.1,40.0,250.0
short_tf5_0.838,0.83355,0.021998,0.1,60.0,31.0
short_tf5_0.838,0.82226,0.032777,0.1,60.0,50.0
short_tf5_0.838,0.822902,0.022128,0.1,60.0,100.0
short_tf5_0.838,0.823511,0.017696,0.1,60.0,150.0
short_tf5_0.838,0.818947,0.025894,0.1,60.0,200.0
short_tf5_0.838,0.826046,0.017813,0.1,60.0,250.0
short_tf5_0.838,0.830322,0.026344,0.1,80.0,31.0
short_tf5_0.838,0.823375,0.037451,0.1,80.0,50.0
short_tf5_0.838,0.823426,0.024283,0.1,80.0,100.0
short_tf5_0.838,0.823899,0.022893,0.1,80.0,150.0
short_tf5_0.838,0.817933,0.026017,0.1,80.0,200.0
short_tf5_0.838,0.828767,0.018543,0.1,80.0,250.0
short_tf5_0.838,0.827195,0.027514,0.1,100.0,31.0
short_tf5_0.838,0.821195,0.038248,0.1,100.0,50.0
short_tf5_0.838,0.824237,0.027501,0.1,100.0,100.0
short_tf5_0.838,0.822733,0.02834,0.1,100.0,150.0
short_tf5_0.838,0.817561,0.028533,0.1,100.0,200.0
short_tf5_0.838,0.827635,0.02137,0.1,100.0,250.0
short_tf5_0.838,0.824677,0.032189,0.1,120.0,31.0
short_tf5_0.838,0.820485,0.041181,0.1,120.0,50.0
short_tf5_0.838,0.822665,0.029768,0.1,120.0,100.0
short_tf5_0.838,0.823443,0.029937,0.1,120.0,150.0
short_tf5_0.838,0.818643,0.02863,0.1,120.0,200.0
short_tf5_0.838,0.826266,0.02532,0.1,120.0,250.0
short_tf5_0.838,0.822615,0.035153,0.1,140.0,31.0
short_tf5_0.838,0.819285,0.042745,0.1,140.0,50.0
short_tf5_0.838,0.821702,0.031641,0.1,140.0,100.0
short_tf5_0.838,0.823527,0.030837,0.1,140.0,150.0
short_tf5_0.838,0.819978,0.028391,0.1,140.0,200.0
short_tf5_0.838,0.825792,0.026727,0.1,140.0,250.0
short_tf5_0.838,0.818305,0.039791,0.1,160.0,31.0
short_tf5_0.838,0.81751,0.045184,0.1,160.0,50.0
short_tf5_0.838,0.819995,0.033893,0.1,160.0,100.0
short_tf5_0.838,0.823511,0.030867,0.1,160.0,150.0
short_tf5_0.838,0.820536,0.027316,0.1,160.0,200.0
short_tf5_0.838,0.824795,0.027251,0.1,160.0,250.0
short_tf5_0.838,0.812829,0.046847,0.1,180.0,31.0
short_tf5_0.838,0.816733,0.045987,0.1,180.0,50.0
short_tf5_0.838,0.820756,0.034572,0.1,180.0,100.0
short_tf5_0.838,0.822733,0.030327,0.1,180.0,150.0
short_tf5_0.838,0.821195,0.027799,0.1,180.0,200.0
short_tf5_0.838,0.824711,0.027018,0.1,180.0,250.0
short_tf5_0.838,0.811628,0.048708,0.1,200.0,31.0
short_tf5_0.838,0.81555,0.046633,0.1,200.0,50.0
short_tf5_0.838,0.819894,0.035865,0.1,200.0,100.0
short_tf5_0.838,0.822361,0.031473,0.1,200.0,150.0
short_tf5_0.838,0.821094,0.028497,0.1,200.0,200.0
short_tf5_0.838,0.824761,0.026577,0.1,200.0,250.0
short_tf5_0.838,0.810243,0.049793,0.1,220.0,31.0
short_tf5_0.838,0.816158,0.046359,0.1,220.0,50.0
short_tf5_0.838,0.819691,0.037678,0.1,220.0,100.0
short_tf5_0.838,0.822158,0.031079,0.1,220.0,150.0
short_tf5_0.838,0.820958,0.028257,0.1,220.0,200.0
short_tf5_0.838,0.824288,0.026183,0.1,220.0,250.0
short_tf5_0.838,0.810344,0.039337,0.5,40.0,31.0
short_tf5_0.838,0.803854,0.0453,0.5,40.0,50.0
short_tf5_0.838,0.82204,0.021752,0.5,40.0,100.0
short_tf5_0.838,0.816902,0.030019,0.5,40.0,150.0
short_tf5_0.838,0.82013,0.027984,0.5,40.0,200.0
short_tf5_0.838,0.823747,0.021451,0.5,40.0,250.0
short_tf5_0.838,0.81555,0.033607,0.5,60.0,31.0
short_tf5_0.838,0.807521,0.034858,0.5,60.0,50.0
short_tf5_0.838,0.819133,0.027845,0.5,60.0,100.0
short_tf5_0.838,0.819471,0.027059,0.5,60.0,150.0
short_tf5_0.838,0.819792,0.026781,0.5,60.0,200.0
short_tf5_0.838,0.824153,0.023411,0.5,60.0,250.0
short_tf5_0.838,0.812152,0.028339,0.5,80.0,31.0
short_tf5_0.838,0.817984,0.030252,0.5,80.0,50.0
short_tf5_0.838,0.813319,0.026928,0.5,80.0,100.0
short_tf5_0.838,0.819927,0.028063,0.5,80.0,150.0
short_tf5_0.838,0.818829,0.026547,0.5,80.0,200.0
short_tf5_0.838,0.82395,0.02343,0.5,80.0,250.0
short_tf5_0.838,0.823899,0.018997,0.5,100.0,31.0
short_tf5_0.838,0.812524,0.033658,0.5,100.0,50.0
short_tf5_0.838,0.814755,0.027729,0.5,100.0,100.0
short_tf5_0.838,0.82013,0.028625,0.5,100.0,150.0
short_tf5_0.838,0.819319,0.026763,0.5,100.0,200.0
short_tf5_0.838,0.82444,0.023121,0.5,100.0,250.0
short_tf5_0.838,0.822868,0.017701,0.5,120.0,31.0
short_tf5_0.838,0.804209,0.04708,0.5,120.0,50.0
short_tf5_0.838,0.798293,0.040168,0.5,120.0,100.0
short_tf5_0.838,0.820096,0.028185,0.5,120.0,150.0
short_tf5_0.838,0.818339,0.026264,0.5,120.0,200.0
short_tf5_0.838,0.823882,0.023834,0.5,120.0,250.0
short_tf5_0.838,0.825623,0.014977,0.5,140.0,31.0
short_tf5_0.838,0.817831,0.029463,0.5,140.0,50.0
short_tf5_0.838,0.798462,0.039923,0.5,140.0,100.0
short_tf5_0.838,0.819488,0.028536,0.5,140.0,150.0
short_tf5_0.838,0.81817,0.025606,0.5,140.0,200.0
short_tf5_0.838,0.823646,0.023804,0.5,140.0,250.0
short_tf5_0.838,0.824592,0.015477,0.5,160.0,31.0
short_tf5_0.838,0.790991,0.065966,0.5,160.0,50.0
short_tf5_0.838,0.798766,0.039968,0.5,160.0,100.0
short_tf5_0.838,0.819048,0.028662,0.5,160.0,150.0
short_tf5_0.838,0.81844,0.02604,0.5,160.0,200.0
short_tf5_0.838,0.823815,0.024095,0.5,160.0,250.0
short_tf5_0.838,0.825049,0.01502,0.5,180.0,31.0
short_tf5_0.838,0.787966,0.064522,0.5,180.0,50.0
short_tf5_0.838,0.798732,0.040044,0.5,180.0,100.0
short_tf5_0.838,0.818727,0.02892,0.5,180.0,150.0
short_tf5_0.838,0.818846,0.026034,0.5,180.0,200.0
short_tf5_0.838,0.823849,0.024273,0.5,180.0,250.0
short_tf5_0.838,0.828716,0.015965,0.5,200.0,31.0
short_tf5_0.838,0.785059,0.063431,0.5,200.0,50.0
short_tf5_0.838,0.799206,0.039988,0.5,200.0,100.0
short_tf5_0.838,0.81915,0.029188,0.5,200.0,150.0
short_tf5_0.838,0.818846,0.026305,0.5,200.0,200.0
short_tf5_0.838,0.82368,0.024121,0.5,200.0,250.0
short_tf5_0.838,0.824896,0.015563,0.5,220.0,31.0
short_tf5_0.838,0.786969,0.064375,0.5,220.0,50.0
short_tf5_0.838,0.798969,0.04013,0.5,220.0,100.0
short_tf5_0.838,0.818575,0.029082,0.5,220.0,150.0
short_tf5_0.838,0.818406,0.025832,0.5,220.0,200.0
short_tf5_0.838,0.823342,0.024393,0.5,220.0,250.0
short_tf5_0.838,0.767244,0.044876,1.0,40.0,31.0
short_tf5_0.838,0.809414,0.042254,1.0,40.0,50.0
short_tf5_0.838,0.802299,0.030515,1.0,40.0,100.0
short_tf5_0.838,0.743041,0.091344,1.0,40.0,150.0
short_tf5_0.838,0.76525,0.07368,1.0,40.0,200.0
short_tf5_0.838,0.786614,0.0615,1.0,40.0,250.0
short_tf5_0.838,0.774529,0.045896,1.0,60.0,31.0
short_tf5_0.838,0.797921,0.039784,1.0,60.0,50.0
short_tf5_0.838,0.796484,0.035859,1.0,60.0,100.0
short_tf5_0.838,0.744224,0.091696,1.0,60.0,150.0
short_tf5_0.838,0.764743,0.073177,1.0,60.0,200.0
short_tf5_0.838,0.786445,0.06142,1.0,60.0,250.0
short_tf5_0.838,0.781137,0.046156,1.0,80.0,31.0
short_tf5_0.838,0.785498,0.063763,1.0,80.0,50.0
short_tf5_0.838,0.79542,0.044683,1.0,80.0,100.0
short_tf5_0.838,0.744342,0.091883,1.0,80.0,150.0
short_tf5_0.838,0.765486,0.073726,1.0,80.0,200.0
short_tf5_0.838,0.787155,0.061775,1.0,80.0,250.0
short_tf5_0.838,0.768275,0.0597,1.0,100.0,31.0
short_tf5_0.838,0.78183,0.063728,1.0,100.0,50.0
short_tf5_0.838,0.797127,0.042662,1.0,100.0,100.0
short_tf5_0.838,0.744291,0.091785,1.0,100.0,150.0
short_tf5_0.838,0.765047,0.073365,1.0,100.0,200.0
short_tf5_0.838,0.787019,0.06168,1.0,100.0,250.0
short_tf5_0.838,0.764776,0.057155,1.0,120.0,31.0
short_tf5_0.838,0.781036,0.060623,1.0,120.0,50.0
short_tf5_0.838,0.796755,0.04246,1.0,120.0,100.0
short_tf5_0.838,0.744089,0.091638,1.0,120.0,150.0
short_tf5_0.838,0.764793,0.073282,1.0,120.0,200.0
short_tf5_0.838,0.786817,0.061566,1.0,120.0,250.0
short_tf5_0.838,0.767988,0.059602,1.0,140.0,31.0
short_tf5_0.838,0.778315,0.064344,1.0,140.0,50.0
short_tf5_0.838,0.796129,0.042135,1.0,140.0,100.0
short_tf5_0.838,0.743936,0.091515,1.0,140.0,150.0
short_tf5_0.838,0.765351,0.073534,1.0,140.0,200.0
short_tf5_0.838,0.786884,0.061627,1.0,140.0,250.0
short_tf5_0.838,0.764675,0.056959,1.0,160.0,31.0
short_tf5_0.838,0.775915,0.063846,1.0,160.0,50.0
short_tf5_0.838,0.79591,0.041978,1.0,160.0,100.0
short_tf5_0.838,0.743987,0.091531,1.0,160.0,150.0
short_tf5_0.838,0.765368,0.073632,1.0,160.0,200.0
short_tf5_0.838,0.786732,0.061507,1.0,160.0,250.0
short_tf5_0.838,0.758371,0.054409,1.0,180.0,31.0
short_tf5_0.838,0.77365,0.061791,1.0,180.0,50.0
short_tf5_0.838,0.795893,0.042017,1.0,180.0,100.0
short_tf5_0.838,0.743886,0.091439,1.0,180.0,150.0
short_tf5_0.838,0.76525,0.073575,1.0,180.0,200.0
short_tf5_0.838,0.786817,0.061564,1.0,180.0,250.0
short_tf5_0.838,0.765605,0.059037,1.0,200.0,31.0
short_tf5_0.838,0.790484,0.055179,1.0,200.0,50.0
short_tf5_0.838,0.795994,0.04213,1.0,200.0,100.0
short_tf5_0.838,0.744072,0.09158,1.0,200.0,150.0
short_tf5_0.838,0.764996,0.073389,1.0,200.0,200.0
short_tf5_0.838,0.786681,0.061467,1.0,200.0,250.0
short_tf5_0.838,0.750359,0.051721,1.0,220.0,31.0
short_tf5_0.838,0.790636,0.0552,1.0,220.0,50.0
short_tf5_0.838,0.796214,0.042332,1.0,220.0,100.0
short_tf5_0.838,0.74419,0.091685,1.0,220.0,150.0
short_tf5_0.838,0.765317,0.073494,1.0,220.0,200.0
short_tf5_0.838,0.786631,0.061406,1.0,220.0,250.0
short_kf5 0.85,0.645526,0.047743,0.001,40.0,31.0
short_kf5 0.85,0.645526,0.047743,0.001,40.0,50.0
short_kf5 0.85,0.645526,0.047743,0.001,40.0,100.0
short_kf5 0.85,0.645526,0.047743,0.001,40.0,150.0
short_kf5 0.85,0.645526,0.047743,0.001,40.0,200.0
short_kf5 0.85,0.645526,0.047743,0.001,40.0,250.0
short_kf5 0.85,0.645526,0.047743,0.001,60.0,31.0
short_kf5 0.85,0.645526,0.047743,0.001,60.0,50.0
short_kf5 0.85,0.645526,0.047743,0.001,60.0,100.0
short_kf5 0.85,0.645526,0.047743,0.001,60.0,150.0
short_kf5 0.85,0.645526,0.047743,0.001,60.0,200.0
short_kf5 0.85,0.645526,0.047743,0.001,60.0,250.0
short_kf5 0.85,0.645526,0.047743,0.001,80.0,31.0
short_kf5 0.85,0.645526,0.047743,0.001,80.0,50.0
short_kf5 0.85,0.645526,0.047743,0.001,80.0,100.0
short_kf5 0.85,0.645526,0.047743,0.001,80.0,150.0
short_kf5 0.85,0.645526,0.047743,0.001,80.0,200.0
short_kf5 0.85,0.645526,0.047743,0.001,80.0,250.0
short_kf5 0.85,0.645526,0.047743,0.001,100.0,31.0
short_kf5 0.85,0.645526,0.047743,0.001,100.0,50.0
short_kf5 0.85,0.645526,0.047743,0.001,100.0,100.0
short_kf5 0.85,0.645526,0.047743,0.001,100.0,150.0
short_kf5 0.85,0.645526,0.047743,0.001,100.0,200.0
short_kf5 0.85,0.645526,0.047743,0.001,100.0,250.0
short_kf5 0.85,0.645526,0.047743,0.001,120.0,31.0
short_kf5 0.85,0.645526,0.047743,0.001,120.0,50.0
short_kf5 0.85,0.645526,0.047743,0.001,120.0,100.0
short_kf5 0.85,0.645526,0.047743,0.001,120.0,150.0
short_kf5 0.85,0.645526,0.047743,0.001,120.0,200.0
short_kf5 0.85,0.645526,0.047743,0.001,120.0,250.0
short_kf5 0.85,0.645526,0.047743,0.001,140.0,31.0
short_kf5 0.85,0.645526,0.047743,0.001,140.0,50.0
short_kf5 0.85,0.645526,0.047743,0.001,140.0,100.0
short_kf5 0.85,0.645526,0.047743,0.001,140.0,150.0
short_kf5 0.85,0.645526,0.047743,0.001,140.0,200.0
short_kf5 0.85,0.645526,0.047743,0.001,140.0,250.0
short_kf5 0.85,0.645526,0.047743,0.001,160.0,31.0
short_kf5 0.85,0.645526,0.047743,0.001,160.0,50.0
short_kf5 0.85,0.645526,0.047743,0.001,160.0,100.0
short_kf5 0.85,0.645526,0.047743,0.001,160.0,150.0
short_kf5 0.85,0.645526,0.047743,0.001,160.0,200.0
short_kf5 0.85,0.645526,0.047743,0.001,160.0,250.0
short_kf5 0.85,0.645526,0.047743,0.001,180.0,31.0
short_kf5 0.85,0.645526,0.047743,0.001,180.0,50.0
short_kf5 0.85,0.645526,0.047743,0.001,180.0,100.0
short_kf5 0.85,0.645526,0.047743,0.001,180.0,150.0
short_kf5 0.85,0.645526,0.047743,0.001,180.0,200.0
short_kf5 0.85,0.645526,0.047743,0.001,180.0,250.0
short_kf5 0.85,0.645526,0.047743,0.001,200.0,31.0
short_kf5 0.85,0.645526,0.047743,0.001,200.0,50.0
short_kf5 0.85,0.645526,0.047743,0.001,200.0,100.0
short_kf5 0.85,0.645526,0.047743,0.001,200.0,150.0
short_kf5 0.85,0.645526,0.047743,0.001,200.0,200.0
short_kf5 0.85,0.645526,0.047743,0.001,200.0,250.0
short_kf5 0.85,0.645526,0.047743,0.001,220.0,31.0
short_kf5 0.85,0.645526,0.047743,0.001,220.0,50.0
short_kf5 0.85,0.645526,0.047743,0.001,220.0,100.0
short_kf5 0.85,0.645526,0.047743,0.001,220.0,150.0
short_kf5 0.85,0.645526,0.047743,0.001,220.0,200.0
short_kf5 0.85,0.645526,0.047743,0.001,220.0,250.0
short_kf5 0.85,0.645526,0.047743,0.005,40.0,31.0
short_kf5 0.85,0.645526,0.047743,0.005,40.0,50.0
short_kf5 0.85,0.645526,0.047743,0.005,40.0,100.0
short_kf5 0.85,0.645526,0.047743,0.005,40.0,150.0
short_kf5 0.85,0.645526,0.047743,0.005,40.0,200.0
short_kf5 0.85,0.645526,0.047743,0.005,40.0,250.0
short_kf5 0.85,0.754017,0.096036,0.005,60.0,31.0
short_kf5 0.85,0.758623,0.09673,0.005,60.0,50.0
short_kf5 0.85,0.806566,0.039882,0.005,60.0,100.0
short_kf5 0.85,0.80782,0.034767,0.005,60.0,150.0
short_kf5 0.85,0.810242,0.037027,0.005,60.0,200.0
short_kf5 0.85,0.806411,0.038391,0.005,60.0,250.0
short_kf5 0.85,0.837101,0.036654,0.005,80.0,31.0
short_kf5 0.85,0.838101,0.033378,0.005,80.0,50.0
short_kf5 0.85,0.82558,0.034236,0.005,80.0,100.0
short_kf5 0.85,0.822862,0.028344,0.005,80.0,150.0
short_kf5 0.85,0.817651,0.030164,0.005,80.0,200.0
short_kf5 0.85,0.816608,0.030469,0.005,80.0,250.0
short_kf5 0.85,0.839313,0.038524,0.005,100.0,31.0
short_kf5 0.85,0.837143,0.035151,0.005,100.0,50.0
short_kf5 0.85,0.83282,0.031076,0.005,100.0,100.0
short_kf5 0.85,0.826636,0.025052,0.005,100.0,150.0
short_kf5 0.85,0.821974,0.030496,0.005,100.0,200.0
short_kf5 0.85,0.819369,0.029366,0.005,100.0,250.0
short_kf5 0.85,0.841355,0.039832,0.005,120.0,31.0
short_kf5 0.85,0.835397,0.03884,0.005,120.0,50.0
short_kf5 0.85,0.835974,0.029844,0.005,120.0,100.0
short_kf5 0.85,0.828284,0.024495,0.005,120.0,150.0
short_kf5 0.85,0.825256,0.029468,0.005,120.0,200.0
short_kf5 0.85,0.818524,0.03003,0.005,120.0,250.0
short_kf5 0.85,0.843904,0.038522,0.005,140.0,31.0
short_kf5 0.85,0.839059,0.037955,0.005,140.0,50.0
short_kf5 0.85,0.833383,0.030542,0.005,140.0,100.0
short_kf5 0.85,0.830242,0.026282,0.005,140.0,150.0
short_kf5 0.85,0.822989,0.031722,0.005,140.0,200.0
short_kf5 0.85,0.819144,0.033706,0.005,140.0,250.0
short_kf5 0.85,0.847862,0.036797,0.005,160.0,31.0
short_kf5 0.85,0.839862,0.039402,0.005,160.0,50.0
short_kf5 0.85,0.834862,0.028836,0.005,160.0,100.0
short_kf5 0.85,0.828172,0.028835,0.005,160.0,150.0
short_kf5 0.85,0.82427,0.034067,0.005,160.0,200.0
short_kf5 0.85,0.818622,0.034247,0.005,160.0,250.0
short_kf5 0.85,0.848256,0.037181,0.005,180.0,31.0
short_kf5 0.85,0.840763,0.03976,0.005,180.0,50.0
short_kf5 0.85,0.835989,0.03052,0.005,180.0,100.0
short_kf5 0.85,0.827763,0.028344,0.005,180.0,150.0
short_kf5 0.85,0.825481,0.03418,0.005,180.0,200.0
short_kf5 0.85,0.819214,0.035799,0.005,180.0,250.0
short_kf5 0.85,0.848932,0.037055,0.005,200.0,31.0
short_kf5 0.85,0.840679,0.038479,0.005,200.0,50.0
short_kf5 0.85,0.834172,0.032533,0.005,200.0,100.0
short_kf5 0.85,0.829876,0.030564,0.005,200.0,150.0
short_kf5 0.85,0.824834,0.036337,0.005,200.0,200.0
short_kf5 0.85,0.817482,0.037328,0.005,200.0,250.0
short_kf5 0.85,0.848186,0.036576,0.005,220.0,31.0
short_kf5 0.85,0.840144,0.038096,0.005,220.0,50.0
short_kf5 0.85,0.831609,0.034287,0.005,220.0,100.0
short_kf5 0.85,0.829566,0.03143,0.005,220.0,150.0
short_kf5 0.85,0.826411,0.038844,0.005,220.0,200.0
short_kf5 0.85,0.817989,0.037553,0.005,220.0,250.0
short_kf5 0.85,0.835313,0.036708,0.01,40.0,31.0
short_kf5 0.85,0.837355,0.03357,0.01,40.0,50.0
short_kf5 0.85,0.825679,0.034428,0.01,40.0,100.0
short_kf5 0.85,0.822651,0.027672,0.01,40.0,150.0
short_kf5 0.85,0.817299,0.03095,0.01,40.0,200.0
short_kf5 0.85,0.81527,0.031046,0.01,40.0,250.0
short_kf5 0.85,0.839792,0.040057,0.01,60.0,31.0
short_kf5 0.85,0.836285,0.036798,0.01,60.0,50.0
short_kf5 0.85,0.835791,0.029521,0.01,60.0,100.0
short_kf5 0.85,0.827876,0.025221,0.01,60.0,150.0
short_kf5 0.85,0.824143,0.030024,0.01,60.0,200.0
short_kf5 0.85,0.819637,0.03181,0.01,60.0,250.0
short_kf5 0.85,0.848707,0.036549,0.01,80.0,31.0
short_kf5 0.85,0.839806,0.040571,0.01,80.0,50.0
short_kf5 0.85,0.835637,0.028343,0.01,80.0,100.0
short_kf5 0.85,0.8282,0.028151,0.01,80.0,150.0
short_kf5 0.85,0.824242,0.033552,0.01,80.0,200.0
short_kf5 0.85,0.81851,0.033933,0.01,80.0,250.0
short_kf5 0.85,0.848284,0.037823,0.01,100.0,31.0
short_kf5 0.85,0.841158,0.039186,0.01,100.0,50.0
short_kf5 0.85,0.833454,0.032794,0.01,100.0,100.0
short_kf5 0.85,0.828777,0.030499,0.01,100.0,150.0
short_kf5 0.85,0.825242,0.036974,0.01,100.0,200.0
short_kf5 0.85,0.817552,0.036493,0.01,100.0,250.0
short_kf5 0.85,0.846524,0.036351,0.01,120.0,31.0
short_kf5 0.85,0.838327,0.037382,0.01,120.0,50.0
short_kf5 0.85,0.8302,0.034359,0.01,120.0,100.0
short_kf5 0.85,0.825806,0.033117,0.01,120.0,150.0
short_kf5 0.85,0.826552,0.037219,0.01,120.0,200.0
short_kf5 0.85,0.818101,0.037154,0.01,120.0,250.0
short_kf5 0.85,0.844791,0.033522,0.01,140.0,31.0
short_kf5 0.85,0.837411,0.03566,0.01,140.0,50.0
short_kf5 0.85,0.831186,0.034613,0.01,140.0,100.0
short_kf5 0.85,0.820566,0.036925,0.01,140.0,150.0
short_kf5 0.85,0.823101,0.037408,0.01,140.0,200.0
short_kf5 0.85,0.817284,0.038799,0.01,140.0,250.0
short_kf5 0.85,0.84451,0.033742,0.01,160.0,31.0
short_kf5 0.85,0.837876,0.034844,0.01,160.0,50.0
short_kf5 0.85,0.831848,0.033478,0.01,160.0,100.0
short_kf5 0.85,0.819679,0.037674,0.01,160.0,150.0
short_kf5 0.85,0.820496,0.039088,0.01,160.0,200.0
short_kf5 0.85,0.817608,0.041738,0.01,160.0,250.0
short_kf5 0.85,0.842636,0.033607,0.01,180.0,31.0
short_kf5 0.85,0.836975,0.035305,0.01,180.0,50.0
short_kf5 0.85,0.829285,0.034557,0.01,180.0,100.0
short_kf5 0.85,0.819355,0.038244,0.01,180.0,150.0
short_kf5 0.85,0.818186,0.039262,0.01,180.0,200.0
short_kf5 0.85,0.818158,0.040731,0.01,180.0,250.0
short_kf5 0.85,0.842172,0.033579,0.01,200.0,31.0
short_kf5 0.85,0.836524,0.035267,0.01,200.0,50.0
short_kf5 0.85,0.828313,0.035143,0.01,200.0,100.0
short_kf5 0.85,0.819299,0.037348,0.01,200.0,150.0
short_kf5 0.85,0.821482,0.038156,0.01,200.0,200.0
short_kf5 0.85,0.81713,0.041371,0.01,200.0,250.0
short_kf5 0.85,0.842467,0.033488,0.01,220.0,31.0
short_kf5 0.85,0.835468,0.034751,0.01,220.0,50.0
short_kf5 0.85,0.827003,0.037122,0.01,220.0,100.0
short_kf5 0.85,0.819341,0.03709,0.01,220.0,150.0
short_kf5 0.85,0.821186,0.037894,0.01,220.0,200.0
short_kf5 0.85,0.814735,0.041813,0.01,220.0,250.0
short_kf5 0.85,0.842467,0.03457,0.05,40.0,31.0
short_kf5 0.85,0.835552,0.036696,0.05,40.0,50.0
short_kf5 0.85,0.827707,0.035572,0.05,40.0,100.0
short_kf5 0.85,0.819313,0.037755,0.05,40.0,150.0
short_kf5 0.85,0.821256,0.036975,0.05,40.0,200.0
short_kf5 0.85,0.815834,0.039895,0.05,40.0,250.0
short_kf5 0.85,0.838369,0.035208,0.05,60.0,31.0
short_kf5 0.85,0.834101,0.033328,0.05,60.0,50.0
short_kf5 0.85,0.828397,0.035706,0.05,60.0,100.0
short_kf5 0.85,0.822087,0.035772,0.05,60.0,150.0
short_kf5 0.85,0.822792,0.036962,0.05,60.0,200.0
short_kf5 0.85,0.816003,0.040487,0.05,60.0,250.0
short_kf5 0.85,0.837623,0.034059,0.05,80.0,31.0
short_kf5 0.85,0.832454,0.034703,0.05,80.0,50.0
short_kf5 0.85,0.828186,0.035278,0.05,80.0,100.0
short_kf5 0.85,0.823679,0.034645,0.05,80.0,150.0
short_kf5 0.85,0.825017,0.035111,0.05,80.0,200.0
short_kf5 0.85,0.818355,0.040218,0.05,80.0,250.0
short_kf5 0.85,0.834242,0.034531,0.05,100.0,31.0
short_kf5 0.85,0.831721,0.033828,0.05,100.0,50.0
short_kf5 0.85,0.827524,0.035341,0.05,100.0,100.0
short_kf5 0.85,0.825341,0.035044,0.05,100.0,150.0
short_kf5 0.85,0.825876,0.034044,0.05,100.0,200.0
short_kf5 0.85,0.821116,0.038217,0.05,100.0,250.0
short_kf5 0.85,0.8332,0.035596,0.05,120.0,31.0
short_kf5 0.85,0.830876,0.033946,0.05,120.0,50.0
short_kf5 0.85,0.826496,0.035435,0.05,120.0,100.0
short_kf5 0.85,0.82713,0.036631,0.05,120.0,150.0
short_kf5 0.85,0.827566,0.033058,0.05,120.0,200.0
short_kf5 0.85,0.822313,0.037778,0.05,120.0,250.0
short_kf5 0.85,0.831158,0.035555,0.05,140.0,31.0
short_kf5 0.85,0.830299,0.035238,0.05,140.0,50.0
short_kf5 0.85,0.82689,0.03486,0.05,140.0,100.0
short_kf5 0.85,0.827341,0.035411,0.05,140.0,150.0
short_kf5 0.85,0.830031,0.032852,0.05,140.0,200.0
short_kf5 0.85,0.823524,0.036949,0.05,140.0,250.0
short_kf5 0.85,0.830693,0.035496,0.05,160.0,31.0
short_kf5 0.85,0.829566,0.034965,0.05,160.0,50.0
short_kf5 0.85,0.828313,0.033942,0.05,160.0,100.0
short_kf5 0.85,0.828045,0.035109,0.05,160.0,150.0
short_kf5 0.85,0.830763,0.032287,0.05,160.0,200.0
short_kf5 0.85,0.825087,0.035942,0.05,160.0,250.0
short_kf5 0.85,0.829116,0.036414,0.05,180.0,31.0
short_kf5 0.85,0.828749,0.033631,0.05,180.0,50.0
short_kf5 0.85,0.827791,0.033741,0.05,180.0,100.0
short_kf5 0.85,0.829482,0.033905,0.05,180.0,150.0
short_kf5 0.85,0.830904,0.03268,0.05,180.0,200.0
short_kf5 0.85,0.826045,0.035533,0.05,180.0,250.0
short_kf5 0.85,0.827637,0.035966,0.05,200.0,31.0
short_kf5 0.85,0.828045,0.033348,0.05,200.0,50.0
short_kf5 0.85,0.827397,0.033863,0.05,200.0,100.0
short_kf5 0.85,0.82927,0.033942,0.05,200.0,150.0
short_kf5 0.85,0.831496,0.031594,0.05,200.0,200.0
short_kf5 0.85,0.827059,0.03427,0.05,200.0,250.0
short_kf5 0.85,0.829003,0.035477,0.05,220.0,31.0
short_kf5 0.85,0.828101,0.033535,0.05,220.0,50.0
short_kf5 0.85,0.826031,0.03334,0.05,220.0,100.0
short_kf5 0.85,0.828918,0.032717,0.05,220.0,150.0
short_kf5 0.85,0.831017,0.032788,0.05,220.0,200.0
short_kf5 0.85,0.826862,0.034212,0.05,220.0,250.0
short_kf5 0.85,0.835918,0.034524,0.1,40.0,31.0
short_kf5 0.85,0.830242,0.036442,0.1,40.0,50.0
short_kf5 0.85,0.826975,0.036531,0.1,40.0,100.0
short_kf5 0.85,0.822214,0.032106,0.1,40.0,150.0
short_kf5 0.85,0.820763,0.038292,0.1,40.0,200.0
short_kf5 0.85,0.818792,0.039132,0.1,40.0,250.0
short_kf5 0.85,0.837313,0.033561,0.1,60.0,31.0
short_kf5 0.85,0.827059,0.037559,0.1,60.0,50.0
short_kf5 0.85,0.826045,0.037652,0.1,60.0,100.0
short_kf5 0.85,0.822961,0.032242,0.1,60.0,150.0
short_kf5 0.85,0.822961,0.037099,0.1,60.0,200.0
short_kf5 0.85,0.823214,0.036561,0.1,60.0,250.0
short_kf5 0.85,0.834468,0.03333,0.1,80.0,31.0
short_kf5 0.85,0.824158,0.03668,0.1,80.0,50.0
short_kf5 0.85,0.825904,0.035669,0.1,80.0,100.0
short_kf5 0.85,0.824848,0.03248,0.1,80.0,150.0
short_kf5 0.85,0.825961,0.035887,0.1,80.0,200.0
short_kf5 0.85,0.824665,0.035742,0.1,80.0,250.0
short_kf5 0.85,0.831313,0.034219,0.1,100.0,31.0
short_kf5 0.85,0.826017,0.034777,0.1,100.0,50.0
short_kf5 0.85,0.825806,0.0348,0.1,100.0,100.0
short_kf5 0.85,0.824468,0.032045,0.1,100.0,150.0
short_kf5 0.85,0.827848,0.035406,0.1,100.0,200.0
short_kf5 0.85,0.826552,0.035648,0.1,100.0,250.0
short_kf5 0.85,0.830228,0.032837,0.1,120.0,31.0
short_kf5 0.85,0.823735,0.03369,0.1,120.0,50.0
short_kf5 0.85,0.825721,0.035331,0.1,120.0,100.0
short_kf5 0.85,0.825031,0.031987,0.1,120.0,150.0
short_kf5 0.85,0.827806,0.034358,0.1,120.0,200.0
short_kf5 0.85,0.826693,0.035867,0.1,120.0,250.0
short_kf5 0.85,0.829989,0.031248,0.1,140.0,31.0
short_kf5 0.85,0.823116,0.033105,0.1,140.0,50.0
short_kf5 0.85,0.825665,0.035636,0.1,140.0,100.0
short_kf5 0.85,0.82613,0.032631,0.1,140.0,150.0
short_kf5 0.85,0.827721,0.035188,0.1,140.0,200.0
short_kf5 0.85,0.826228,0.036126,0.1,140.0,250.0
short_kf5 0.85,0.82827,0.031336,0.1,160.0,31.0
short_kf5 0.85,0.821256,0.030647,0.1,160.0,50.0
short_kf5 0.85,0.825313,0.037188,0.1,160.0,100.0
short_kf5 0.85,0.825073,0.033561,0.1,160.0,150.0
short_kf5 0.85,0.826876,0.035655,0.1,160.0,200.0
short_kf5 0.85,0.825228,0.035609,0.1,160.0,250.0
short_kf5 0.85,0.827679,0.031156,0.1,180.0,31.0
short_kf5 0.85,0.821172,0.030459,0.1,180.0,50.0
short_kf5 0.85,0.825735,0.037072,0.1,180.0,100.0
short_kf5 0.85,0.824848,0.033423,0.1,180.0,150.0
short_kf5 0.85,0.826214,0.03575,0.1,180.0,200.0
short_kf5 0.85,0.82389,0.036274,0.1,180.0,250.0
short_kf5 0.85,0.82696,0.029873,0.1,200.0,31.0
short_kf5 0.85,0.821735,0.030731,0.1,200.0,50.0
short_kf5 0.85,0.824961,0.037965,0.1,200.0,100.0
short_kf5 0.85,0.825242,0.033848,0.1,200.0,150.0
short_kf5 0.85,0.826172,0.035548,0.1,200.0,200.0
short_kf5 0.85,0.823763,0.035855,0.1,200.0,250.0
short_kf5 0.85,0.826031,0.029963,0.1,220.0,31.0
short_kf5 0.85,0.821299,0.031171,0.1,220.0,50.0
short_kf5 0.85,0.825609,0.038497,0.1,220.0,100.0
short_kf5 0.85,0.823862,0.033798,0.1,220.0,150.0
short_kf5 0.85,0.825285,0.035801,0.1,220.0,200.0
short_kf5 0.85,0.823538,0.035724,0.1,220.0,250.0
short_kf5 0.85,0.798637,0.036775,0.5,40.0,31.0
short_kf5 0.85,0.800623,0.048074,0.5,40.0,50.0
short_kf5 0.85,0.804806,0.015498,0.5,40.0,100.0
short_kf5 0.85,0.821933,0.036396,0.5,40.0,150.0
short_kf5 0.85,0.828242,0.031397,0.5,40.0,200.0
short_kf5 0.85,0.81851,0.041987,0.5,40.0,250.0
short_kf5 0.85,0.812116,0.031702,0.5,60.0,31.0
short_kf5 0.85,0.804074,0.038294,0.5,60.0,50.0
short_kf5 0.85,0.820073,0.030969,0.5,60.0,100.0
short_kf5 0.85,0.815595,0.04401,0.5,60.0,150.0
short_kf5 0.85,0.825468,0.034148,0.5,60.0,200.0
short_kf5 0.85,0.800961,0.06628,0.5,60.0,250.0
short_kf5 0.85,0.813341,0.033322,0.5,80.0,31.0
short_kf5 0.85,0.80744,0.039082,0.5,80.0,50.0
short_kf5 0.85,0.787468,0.049697,0.5,80.0,100.0
short_kf5 0.85,0.761836,0.097824,0.5,80.0,150.0
short_kf5 0.85,0.82551,0.035258,0.5,80.0,200.0
short_kf5 0.85,0.801313,0.066295,0.5,80.0,250.0
short_kf5 0.85,0.811876,0.034874,0.5,100.0,31.0
short_kf5 0.85,0.806327,0.033457,0.5,100.0,50.0
short_kf5 0.85,0.785581,0.034568,0.5,100.0,100.0
short_kf5 0.85,0.761766,0.097783,0.5,100.0,150.0
short_kf5 0.85,0.825425,0.035599,0.5,100.0,200.0
short_kf5 0.85,0.801059,0.066584,0.5,100.0,250.0
short_kf5 0.85,0.812552,0.035303,0.5,120.0,31.0
short_kf5 0.85,0.800412,0.038785,0.5,120.0,50.0
short_kf5 0.85,0.809256,0.040563,0.5,120.0,100.0
short_kf5 0.85,0.762301,0.098027,0.5,120.0,150.0
short_kf5 0.85,0.825327,0.035641,0.5,120.0,200.0
short_kf5 0.85,0.800721,0.066311,0.5,120.0,250.0
short_kf5 0.85,0.809904,0.032542,0.5,140.0,31.0
short_kf5 0.85,0.793497,0.034189,0.5,140.0,50.0
short_kf5 0.85,0.809467,0.040698,0.5,140.0,100.0
short_kf5 0.85,0.762428,0.098045,0.5,140.0,150.0
short_kf5 0.85,0.825313,0.035491,0.5,140.0,200.0
short_kf5 0.85,0.800454,0.066177,0.5,140.0,250.0
short_kf5 0.85,0.811524,0.03306,0.5,160.0,31.0
short_kf5 0.85,0.790722,0.036411,0.5,160.0,50.0
short_kf5 0.85,0.809453,0.040689,0.5,160.0,100.0
short_kf5 0.85,0.762343,0.09798,0.5,160.0,150.0
short_kf5 0.85,0.82489,0.035758,0.5,160.0,200.0
short_kf5 0.85,0.800975,0.066496,0.5,160.0,250.0
short_kf5 0.85,0.810116,0.040423,0.5,180.0,31.0
short_kf5 0.85,0.79506,0.030857,0.5,180.0,50.0
short_kf5 0.85,0.809721,0.040866,0.5,180.0,100.0
short_kf5 0.85,0.762583,0.098061,0.5,180.0,150.0
short_kf5 0.85,0.825327,0.035513,0.5,180.0,200.0
short_kf5 0.85,0.800918,0.066609,0.5,180.0,250.0
short_kf5 0.85,0.805159,0.041452,0.5,200.0,31.0
short_kf5 0.85,0.796017,0.021166,0.5,200.0,50.0
short_kf5 0.85,0.809636,0.040809,0.5,200.0,100.0
short_kf5 0.85,0.76247,0.098013,0.5,200.0,150.0
short_kf5 0.85,0.825524,0.035463,0.5,200.0,200.0
short_kf5 0.85,0.800735,0.066434,0.5,200.0,250.0
short_kf5 0.85,0.803271,0.040851,0.5,220.0,31.0
short_kf5 0.85,0.804158,0.023088,0.5,220.0,50.0
short_kf5 0.85,0.809763,0.040894,0.5,220.0,100.0
short_kf5 0.85,0.762372,0.097956,0.5,220.0,150.0
short_kf5 0.85,0.825242,0.035537,0.5,220.0,200.0
short_kf5 0.85,0.800595,0.066676,0.5,220.0,250.0
short_kf5 0.85,0.801525,0.03859,1.0,40.0,31.0
short_kf5 0.85,0.806919,0.040188,1.0,40.0,50.0
short_kf5 0.85,0.792975,0.041098,1.0,40.0,100.0
short_kf5 0.85,0.791919,0.0361,1.0,40.0,150.0
short_kf5 0.85,0.768989,0.044936,1.0,40.0,200.0
short_kf5 0.85,0.772581,0.059277,1.0,40.0,250.0
short_kf5 0.85,0.800708,0.035299,1.0,60.0,31.0
short_kf5 0.85,0.808116,0.036496,1.0,60.0,50.0
short_kf5 0.85,0.793046,0.02311,1.0,60.0,100.0
short_kf5 0.85,0.813425,0.02277,1.0,60.0,150.0
short_kf5 0.85,0.767989,0.044675,1.0,60.0,200.0
short_kf5 0.85,0.772581,0.059277,1.0,60.0,250.0
short_kf5 0.85,0.801313,0.037292,1.0,80.0,31.0
short_kf5 0.85,0.796482,0.030461,1.0,80.0,50.0
short_kf5 0.85,0.802763,0.017732,1.0,80.0,100.0
short_kf5 0.85,0.749203,0.084023,1.0,80.0,150.0
short_kf5 0.85,0.767989,0.044675,1.0,80.0,200.0
short_kf5 0.85,0.772581,0.059277,1.0,80.0,250.0
short_kf5 0.85,0.805482,0.036402,1.0,100.0,31.0
short_kf5 0.85,0.804186,0.030403,1.0,100.0,50.0
short_kf5 0.85,0.793467,0.023436,1.0,100.0,100.0
short_kf5 0.85,0.749203,0.084023,1.0,100.0,150.0
short_kf5 0.85,0.767989,0.044675,1.0,100.0,200.0
short_kf5 0.85,0.772581,0.059277,1.0,100.0,250.0
short_kf5 0.85,0.798834,0.034007,1.0,120.0,31.0
short_kf5 0.85,0.810637,0.022793,1.0,120.0,50.0
short_kf5 0.85,0.757622,0.05325,1.0,120.0,100.0
short_kf5 0.85,0.749203,0.084023,1.0,120.0,150.0
short_kf5 0.85,0.767989,0.044675,1.0,120.0,200.0
short_kf5 0.85,0.772581,0.059277,1.0,120.0,250.0
short_kf5 0.85,0.802651,0.029388,1.0,140.0,31.0
short_kf5 0.85,0.807819,0.013864,1.0,140.0,50.0
short_kf5 0.85,0.757622,0.05325,1.0,140.0,100.0
short_kf5 0.85,0.749203,0.084023,1.0,140.0,150.0
short_kf5 0.85,0.767989,0.044675,1.0,140.0,200.0
short_kf5 0.85,0.772581,0.059277,1.0,140.0,250.0
short_kf5 0.85,0.804595,0.030943,1.0,160.0,31.0
short_kf5 0.85,0.822101,0.025456,1.0,160.0,50.0
short_kf5 0.85,0.757622,0.05325,1.0,160.0,100.0
short_kf5 0.85,0.749203,0.084023,1.0,160.0,150.0
short_kf5 0.85,0.767989,0.044675,1.0,160.0,200.0
short_kf5 0.85,0.772581,0.059277,1.0,160.0,250.0
short_kf5 0.85,0.803918,0.027928,1.0,180.0,31.0
short_kf5 0.85,0.816158,0.029524,1.0,180.0,50.0
short_kf5 0.85,0.757622,0.05325,1.0,180.0,100.0
short_kf5 0.85,0.749203,0.084023,1.0,180.0,150.0
short_kf5 0.85,0.767989,0.044675,1.0,180.0,200.0
short_kf5 0.85,0.772581,0.059277,1.0,180.0,250.0
short_kf5 0.85,0.802045,0.027218,1.0,200.0,31.0
short_kf5 0.85,0.805609,0.033198,1.0,200.0,50.0
short_kf5 0.85,0.757622,0.05325,1.0,200.0,100.0
short_kf5 0.85,0.749203,0.084023,1.0,200.0,150.0
short_kf5 0.85,0.767989,0.044675,1.0,200.0,200.0
short_kf5 0.85,0.772581,0.059277,1.0,200.0,250.0
short_kf5 0.85,0.805383,0.019792,1.0,220.0,31.0
short_kf5 0.85,0.811735,0.029667,1.0,220.0,50.0
short_kf5 0.85,0.757622,0.05325,1.0,220.0,100.0
short_kf5 0.85,0.749203,0.084023,1.0,220.0,150.0
short_kf5 0.85,0.767989,0.044675,1.0,220.0,200.0
short_kf5 0.85,0.772581,0.059277,1.0,220.0,250.0
short_tf10_0.82,0.642361,0.108195,0.001,40.0,31.0
short_tf10_0.82,0.642361,0.108195,0.001,40.0,50.0
short_tf10_0.82,0.642361,0.108195,0.001,40.0,100.0
short_tf10_0.82,0.642361,0.108195,0.001,40.0,150.0
short_tf10_0.82,0.642361,0.108195,0.001,40.0,200.0
short_tf10_0.82,0.642361,0.108195,0.001,40.0,250.0
short_tf10_0.82,0.642361,0.108195,0.001,60.0,31.0
short_tf10_0.82,0.642361,0.108195,0.001,60.0,50.0
short_tf10_0.82,0.642361,0.108195,0.001,60.0,100.0
short_tf10_0.82,0.642361,0.108195,0.001,60.0,150.0
short_tf10_0.82,0.642361,0.108195,0.001,60.0,200.0
short_tf10_0.82,0.642361,0.108195,0.001,60.0,250.0
short_tf10_0.82,0.642361,0.108195,0.001,80.0,31.0
short_tf10_0.82,0.642361,0.108195,0.001,80.0,50.0
short_tf10_0.82,0.642361,0.108195,0.001,80.0,100.0
short_tf10_0.82,0.642361,0.108195,0.001,80.0,150.0
short_tf10_0.82,0.642361,0.108195,0.001,80.0,200.0
short_tf10_0.82,0.642361,0.108195,0.001,80.0,250.0
short_tf10_0.82,0.642361,0.108195,0.001,100.0,31.0
short_tf10_0.82,0.642361,0.108195,0.001,100.0,50.0
short_tf10_0.82,0.642361,0.108195,0.001,100.0,100.0
short_tf10_0.82,0.642361,0.108195,0.001,100.0,150.0
short_tf10_0.82,0.642361,0.108195,0.001,100.0,200.0
short_tf10_0.82,0.642361,0.108195,0.001,100.0,250.0
short_tf10_0.82,0.642361,0.108195,0.001,120.0,31.0
short_tf10_0.82,0.642361,0.108195,0.001,120.0,50.0
short_tf10_0.82,0.642361,0.108195,0.001,120.0,100.0
short_tf10_0.82,0.642361,0.108195,0.001,120.0,150.0
short_tf10_0.82,0.642361,0.108195,0.001,120.0,200.0
short_tf10_0.82,0.642361,0.108195,0.001,120.0,250.0
short_tf10_0.82,0.642361,0.108195,0.001,140.0,31.0
short_tf10_0.82,0.642361,0.108195,0.001,140.0,50.0
short_tf10_0.82,0.642361,0.108195,0.001,140.0,100.0
short_tf10_0.82,0.642361,0.108195,0.001,140.0,150.0
short_tf10_0.82,0.642361,0.108195,0.001,140.0,200.0
short_tf10_0.82,0.642361,0.108195,0.001,140.0,250.0
short_tf10_0.82,0.642361,0.108195,0.001,160.0,31.0
short_tf10_0.82,0.642361,0.108195,0.001,160.0,50.0
short_tf10_0.82,0.642361,0.108195,0.001,160.0,100.0
short_tf10_0.82,0.642361,0.108195,0.001,160.0,150.0
short_tf10_0.82,0.642361,0.108195,0.001,160.0,200.0
short_tf10_0.82,0.642361,0.108195,0.001,160.0,250.0
short_tf10_0.82,0.642361,0.108195,0.001,180.0,31.0
short_tf10_0.82,0.642361,0.108195,0.001,180.0,50.0
short_tf10_0.82,0.642361,0.108195,0.001,180.0,100.0
short_tf10_0.82,0.642361,0.108195,0.001,180.0,150.0
short_tf10_0.82,0.642361,0.108195,0.001,180.0,200.0
short_tf10_0.82,0.642361,0.108195,0.001,180.0,250.0
short_tf10_0.82,0.642361,0.108195,0.001,200.0,31.0
short_tf10_0.82,0.642361,0.108195,0.001,200.0,50.0
short_tf10_0.82,0.642361,0.108195,0.001,200.0,100.0
short_tf10_0.82,0.642361,0.108195,0.001,200.0,150.0
short_tf10_0.82,0.642361,0.108195,0.001,200.0,200.0
short_tf10_0.82,0.642361,0.108195,0.001,200.0,250.0
short_tf10_0.82,0.642361,0.108195,0.001,220.0,31.0
short_tf10_0.82,0.642361,0.108195,0.001,220.0,50.0
short_tf10_0.82,0.642439,0.108311,0.001,220.0,100.0
short_tf10_0.82,0.642439,0.108311,0.001,220.0,150.0
short_tf10_0.82,0.642439,0.108311,0.001,220.0,200.0
short_tf10_0.82,0.642439,0.108311,0.001,220.0,250.0
short_tf10_0.82,0.642361,0.108195,0.005,40.0,31.0
short_tf10_0.82,0.642361,0.108195,0.005,40.0,50.0
short_tf10_0.82,0.642361,0.108195,0.005,40.0,100.0
short_tf10_0.82,0.642361,0.108195,0.005,40.0,150.0
short_tf10_0.82,0.642361,0.108195,0.005,40.0,200.0
short_tf10_0.82,0.642361,0.108195,0.005,40.0,250.0
short_tf10_0.82,0.688937,0.123301,0.005,60.0,31.0
short_tf10_0.82,0.691927,0.12372,0.005,60.0,50.0
short_tf10_0.82,0.695507,0.126924,0.005,60.0,100.0
short_tf10_0.82,0.696638,0.127717,0.005,60.0,150.0
short_tf10_0.82,0.715029,0.120395,0.005,60.0,200.0
short_tf10_0.82,0.714255,0.120867,0.005,60.0,250.0
short_tf10_0.82,0.80973,0.057616,0.005,80.0,31.0
short_tf10_0.82,0.807716,0.057334,0.005,80.0,50.0
short_tf10_0.82,0.808026,0.059993,0.005,80.0,100.0
short_tf10_0.82,0.800325,0.057629,0.005,80.0,150.0
short_tf10_0.82,0.797862,0.057256,0.005,80.0,200.0
short_tf10_0.82,0.795445,0.056443,0.005,80.0,250.0
short_tf10_0.82,0.819042,0.058712,0.005,100.0,31.0
short_tf10_0.82,0.81427,0.0595,0.005,100.0,50.0
short_tf10_0.82,0.805764,0.059406,0.005,100.0,100.0
short_tf10_0.82,0.800186,0.057843,0.005,100.0,150.0
short_tf10_0.82,0.796793,0.056651,0.005,100.0,200.0
short_tf10_0.82,0.79608,0.05673,0.005,100.0,250.0
short_tf10_0.82,0.821986,0.058801,0.005,120.0,31.0
short_tf10_0.82,0.814038,0.059611,0.005,120.0,50.0
short_tf10_0.82,0.805562,0.05885,0.005,120.0,100.0
short_tf10_0.82,0.793059,0.055967,0.005,120.0,150.0
short_tf10_0.82,0.79137,0.055709,0.005,120.0,200.0
short_tf10_0.82,0.789386,0.056023,0.005,120.0,250.0
short_tf10_0.82,0.825984,0.057406,0.005,140.0,31.0
short_tf10_0.82,0.820995,0.059226,0.005,140.0,50.0
short_tf10_0.82,0.807236,0.059378,0.005,140.0,100.0
short_tf10_0.82,0.793461,0.055835,0.005,140.0,150.0
short_tf10_0.82,0.79264,0.055928,0.005,140.0,200.0
short_tf10_0.82,0.790301,0.055887,0.005,140.0,250.0
short_tf10_0.82,0.826883,0.057877,0.005,160.0,31.0
short_tf10_0.82,0.822823,0.059511,0.005,160.0,50.0
short_tf10_0.82,0.807577,0.059578,0.005,160.0,100.0
short_tf10_0.82,0.794438,0.057113,0.005,160.0,150.0
short_tf10_0.82,0.79247,0.0564,0.005,160.0,200.0
short_tf10_0.82,0.790053,0.056469,0.005,160.0,250.0
short_tf10_0.82,0.82555,0.058085,0.005,180.0,31.0
short_tf10_0.82,0.822839,0.056947,0.005,180.0,50.0
short_tf10_0.82,0.806802,0.058187,0.005,180.0,100.0
short_tf10_0.82,0.795507,0.055741,0.005,180.0,150.0
short_tf10_0.82,0.794267,0.054975,0.005,180.0,200.0
short_tf10_0.82,0.792005,0.055248,0.005,180.0,250.0
short_tf10_0.82,0.826046,0.058693,0.005,200.0,31.0
short_tf10_0.82,0.821289,0.057982,0.005,200.0,50.0
short_tf10_0.82,0.810118,0.055119,0.005,200.0,100.0
short_tf10_0.82,0.795522,0.056237,0.005,200.0,150.0
short_tf10_0.82,0.792811,0.054932,0.005,200.0,200.0
short_tf10_0.82,0.790967,0.055045,0.005,200.0,250.0
short_tf10_0.82,0.827425,0.059342,0.005,220.0,31.0
short_tf10_0.82,0.818996,0.057398,0.005,220.0,50.0
short_tf10_0.82,0.811063,0.055359,0.005,220.0,100.0
short_tf10_0.82,0.793771,0.056084,0.005,220.0,150.0
short_tf10_0.82,0.792361,0.055271,0.005,220.0,200.0
short_tf10_0.82,0.790564,0.055572,0.005,220.0,250.0
short_tf10_0.82,0.809157,0.057446,0.01,40.0,31.0
short_tf10_0.82,0.80767,0.057355,0.01,40.0,50.0
short_tf10_0.82,0.80815,0.060249,0.01,40.0,100.0
short_tf10_0.82,0.800651,0.057996,0.01,40.0,150.0
short_tf10_0.82,0.797289,0.05791,0.01,40.0,200.0
short_tf10_0.82,0.795197,0.056633,0.01,40.0,250.0
short_tf10_0.82,0.822343,0.059767,0.01,60.0,31.0
short_tf10_0.82,0.813883,0.059214,0.01,60.0,50.0
short_tf10_0.82,0.806167,0.059118,0.01,60.0,100.0
short_tf10_0.82,0.793508,0.056042,0.01,60.0,150.0
short_tf10_0.82,0.791649,0.05576,0.01,60.0,200.0
short_tf10_0.82,0.789324,0.055927,0.01,60.0,250.0
short_tf10_0.82,0.826495,0.058235,0.01,80.0,31.0
short_tf10_0.82,0.824078,0.059907,0.01,80.0,50.0
short_tf10_0.82,0.806972,0.059349,0.01,80.0,100.0
short_tf10_0.82,0.795026,0.05738,0.01,80.0,150.0
short_tf10_0.82,0.792516,0.056027,0.01,80.0,200.0
short_tf10_0.82,0.789774,0.056396,0.01,80.0,250.0
short_tf10_0.82,0.826356,0.058661,0.01,100.0,31.0
short_tf10_0.82,0.82146,0.057928,0.01,100.0,50.0
short_tf10_0.82,0.811078,0.055551,0.01,100.0,100.0
short_tf10_0.82,0.79546,0.056457,0.01,100.0,150.0
short_tf10_0.82,0.792997,0.054839,0.01,100.0,200.0
short_tf10_0.82,0.791602,0.054968,0.01,100.0,250.0
short_tf10_0.82,0.825736,0.059076,0.01,120.0,31.0
short_tf10_0.82,0.820127,0.057585,0.01,120.0,50.0
short_tf10_0.82,0.809591,0.05495,0.01,120.0,100.0
short_tf10_0.82,0.793028,0.056301,0.01,120.0,150.0
short_tf10_0.82,0.791478,0.055433,0.01,120.0,200.0
short_tf10_0.82,0.790161,0.055921,0.01,120.0,250.0
short_tf10_0.82,0.827719,0.060529,0.01,140.0,31.0
short_tf10_0.82,0.82005,0.057626,0.01,140.0,50.0
short_tf10_0.82,0.81018,0.054737,0.01,140.0,100.0
short_tf10_0.82,0.79374,0.056502,0.01,140.0,150.0
short_tf10_0.82,0.796266,0.055115,0.01,140.0,200.0
short_tf10_0.82,0.790874,0.05571,0.01,140.0,250.0
short_tf10_0.82,0.82806,0.061239,0.01,160.0,31.0
short_tf10_0.82,0.81599,0.057058,0.01,160.0,50.0
short_tf10_0.82,0.811884,0.055046,0.01,160.0,100.0
short_tf10_0.82,0.798265,0.056116,0.01,160.0,150.0
short_tf10_0.82,0.796204,0.055171,0.01,160.0,200.0
short_tf10_0.82,0.792857,0.055933,0.01,160.0,250.0
short_tf10_0.82,0.827007,0.061265,0.01,180.0,31.0
short_tf10_0.82,0.816192,0.057152,0.01,180.0,50.0
short_tf10_0.82,0.812566,0.055125,0.01,180.0,100.0
short_tf10_0.82,0.801534,0.05711,0.01,180.0,150.0
short_tf10_0.82,0.796591,0.055075,0.01,180.0,200.0
short_tf10_0.82,0.793585,0.056264,0.01,180.0,250.0
short_tf10_0.82,0.826557,0.060603,0.01,200.0,31.0
short_tf10_0.82,0.818097,0.057042,0.01,200.0,50.0
short_tf10_0.82,0.812752,0.054726,0.01,200.0,100.0
short_tf10_0.82,0.804989,0.054625,0.01,200.0,150.0
short_tf10_0.82,0.796979,0.054501,0.01,200.0,200.0
short_tf10_0.82,0.794112,0.055579,0.01,200.0,250.0
short_tf10_0.82,0.825442,0.059902,0.01,220.0,31.0
short_tf10_0.82,0.819058,0.057535,0.01,220.0,50.0
short_tf10_0.82,0.813681,0.055062,0.01,220.0,100.0
short_tf10_0.82,0.804865,0.054599,0.01,220.0,150.0
short_tf10_0.82,0.800713,0.052598,0.01,220.0,200.0
short_tf10_0.82,0.800728,0.052991,0.01,220.0,250.0
short_tf10_0.82,0.826774,0.060553,0.05,40.0,31.0
short_tf10_0.82,0.818562,0.056924,0.05,40.0,50.0
short_tf10_0.82,0.813836,0.055892,0.05,40.0,100.0
short_tf10_0.82,0.799597,0.055778,0.05,40.0,150.0
short_tf10_0.82,0.801038,0.053969,0.05,40.0,200.0
short_tf10_0.82,0.796374,0.055187,0.05,40.0,250.0
short_tf10_0.82,0.823086,0.05897,0.05,60.0,31.0
short_tf10_0.82,0.817462,0.056159,0.05,60.0,50.0
short_tf10_0.82,0.809823,0.05553,0.05,60.0,100.0
short_tf10_0.82,0.804896,0.056008,0.05,60.0,150.0
short_tf10_0.82,0.804819,0.053603,0.05,60.0,200.0
short_tf10_0.82,0.806477,0.053711,0.05,60.0,250.0
short_tf10_0.82,0.822048,0.058526,0.05,80.0,31.0
short_tf10_0.82,0.817989,0.056208,0.05,80.0,50.0
short_tf10_0.82,0.810738,0.055753,0.05,80.0,100.0
short_tf10_0.82,0.803579,0.057103,0.05,80.0,150.0
short_tf10_0.82,0.805562,0.055649,0.05,80.0,200.0
short_tf10_0.82,0.806988,0.055269,0.05,80.0,250.0
short_tf10_0.82,0.822327,0.059283,0.05,100.0,31.0
short_tf10_0.82,0.817849,0.057585,0.05,100.0,50.0
short_tf10_0.82,0.811202,0.056136,0.05,100.0,100.0
short_tf10_0.82,0.808739,0.057378,0.05,100.0,150.0
short_tf10_0.82,0.80502,0.055346,0.05,100.0,200.0
short_tf10_0.82,0.806972,0.056109,0.05,100.0,250.0
short_tf10_0.82,0.821212,0.060049,0.05,120.0,31.0
short_tf10_0.82,0.816997,0.05706,0.05,120.0,50.0
short_tf10_0.82,0.810428,0.055085,0.05,120.0,100.0
short_tf10_0.82,0.808444,0.056224,0.05,120.0,150.0
short_tf10_0.82,0.805531,0.054335,0.05,120.0,200.0
short_tf10_0.82,0.808801,0.055221,0.05,120.0,250.0
short_tf10_0.82,0.82022,0.059741,0.05,140.0,31.0
short_tf10_0.82,0.816997,0.058488,0.05,140.0,50.0
short_tf10_0.82,0.809637,0.055979,0.05,140.0,100.0
short_tf10_0.82,0.80908,0.056125,0.05,140.0,150.0
short_tf10_0.82,0.805764,0.054101,0.05,140.0,200.0
short_tf10_0.82,0.810025,0.054986,0.05,140.0,250.0
short_tf10_0.82,0.819802,0.059972,0.05,160.0,31.0
short_tf10_0.82,0.81599,0.058283,0.05,160.0,50.0
short_tf10_0.82,0.80832,0.056259,0.05,160.0,100.0
short_tf10_0.82,0.81018,0.054529,0.05,160.0,150.0
short_tf10_0.82,0.806229,0.053419,0.05,160.0,200.0
short_tf10_0.82,0.810133,0.054474,0.05,160.0,250.0
short_tf10_0.82,0.818469,0.060277,0.05,180.0,31.0
short_tf10_0.82,0.816284,0.059154,0.05,180.0,50.0
short_tf10_0.82,0.80784,0.056546,0.05,180.0,100.0
short_tf10_0.82,0.81066,0.054949,0.05,180.0,150.0
short_tf10_0.82,0.807546,0.053959,0.05,180.0,200.0
short_tf10_0.82,0.812178,0.055294,0.05,180.0,250.0
short_tf10_0.82,0.816672,0.059414,0.05,200.0,31.0
short_tf10_0.82,0.8152,0.059587,0.05,200.0,50.0
short_tf10_0.82,0.808165,0.057778,0.05,200.0,100.0
short_tf10_0.82,0.809715,0.054621,0.05,200.0,150.0
short_tf10_0.82,0.809111,0.054538,0.05,200.0,200.0
short_tf10_0.82,0.812845,0.055795,0.05,200.0,250.0
short_tf10_0.82,0.816176,0.059999,0.05,220.0,31.0
short_tf10_0.82,0.813914,0.05921,0.05,220.0,50.0
short_tf10_0.82,0.808134,0.057545,0.05,220.0,100.0
short_tf10_0.82,0.81004,0.054749,0.05,220.0,150.0
short_tf10_0.82,0.80894,0.054165,0.05,220.0,200.0
short_tf10_0.82,0.81207,0.055744,0.05,220.0,250.0
short_tf10_0.82,0.821738,0.058546,0.1,40.0,31.0
short_tf10_0.82,0.817555,0.056559,0.1,40.0,50.0
short_tf10_0.82,0.809994,0.056336,0.1,40.0,100.0
short_tf10_0.82,0.804137,0.056303,0.1,40.0,150.0
short_tf10_0.82,0.808553,0.054935,0.1,40.0,200.0
short_tf10_0.82,0.806802,0.053801,0.1,40.0,250.0
short_tf10_0.82,0.818888,0.057624,0.1,60.0,31.0
short_tf10_0.82,0.820158,0.05904,0.1,60.0,50.0
short_tf10_0.82,0.810521,0.055641,0.1,60.0,100.0
short_tf10_0.82,0.809699,0.053826,0.1,60.0,150.0
short_tf10_0.82,0.807375,0.055418,0.1,60.0,200.0
short_tf10_0.82,0.807949,0.053755,0.1,60.0,250.0
short_tf10_0.82,0.815882,0.05745,0.1,80.0,31.0
short_tf10_0.82,0.817803,0.05969,0.1,80.0,50.0
short_tf10_0.82,0.80784,0.05515,0.1,80.0,100.0
short_tf10_0.82,0.811295,0.05466,0.1,80.0,150.0
short_tf10_0.82,0.808692,0.054929,0.1,80.0,200.0
short_tf10_0.82,0.809994,0.053995,0.1,80.0,250.0
short_tf10_0.82,0.814611,0.057426,0.1,100.0,31.0
short_tf10_0.82,0.815696,0.060774,0.1,100.0,50.0
short_tf10_0.82,0.806058,0.056595,0.1,100.0,100.0
short_tf10_0.82,0.810211,0.055458,0.1,100.0,150.0
short_tf10_0.82,0.810676,0.055923,0.1,100.0,200.0
short_tf10_0.82,0.810567,0.054287,0.1,100.0,250.0
short_tf10_0.82,0.81224,0.058101,0.1,120.0,31.0
short_tf10_0.82,0.812798,0.060813,0.1,120.0,50.0
short_tf10_0.82,0.805888,0.057057,0.1,120.0,100.0
short_tf10_0.82,0.81049,0.054097,0.1,120.0,150.0
short_tf10_0.82,0.811838,0.055137,0.1,120.0,200.0
short_tf10_0.82,0.811512,0.053399,0.1,120.0,250.0
short_tf10_0.82,0.81238,0.058908,0.1,140.0,31.0
short_tf10_0.82,0.812225,0.061719,0.1,140.0,50.0
short_tf10_0.82,0.805098,0.058062,0.1,140.0,100.0
short_tf10_0.82,0.808073,0.055057,0.1,140.0,150.0
short_tf10_0.82,0.811264,0.055906,0.1,140.0,200.0
short_tf10_0.82,0.811264,0.054943,0.1,140.0,250.0
short_tf10_0.82,0.812674,0.058966,0.1,160.0,31.0
short_tf10_0.82,0.811078,0.060875,0.1,160.0,50.0
short_tf10_0.82,0.803269,0.05794,0.1,160.0,100.0
short_tf10_0.82,0.806848,0.056201,0.1,160.0,150.0
short_tf10_0.82,0.811032,0.056191,0.1,160.0,200.0
short_tf10_0.82,0.810536,0.055051,0.1,160.0,250.0
short_tf10_0.82,0.809932,0.059984,0.1,180.0,31.0
short_tf10_0.82,0.809823,0.06105,0.1,180.0,50.0
short_tf10_0.82,0.8044,0.057748,0.1,180.0,100.0
short_tf10_0.82,0.805407,0.056915,0.1,180.0,150.0
short_tf10_0.82,0.810459,0.056303,0.1,180.0,200.0
short_tf10_0.82,0.80956,0.055257,0.1,180.0,250.0
short_tf10_0.82,0.809002,0.060524,0.1,200.0,31.0
short_tf10_0.82,0.809467,0.061407,0.1,200.0,50.0
short_tf10_0.82,0.804292,0.05792,0.1,200.0,100.0
short_tf10_0.82,0.805438,0.057066,0.1,200.0,150.0
short_tf10_0.82,0.80973,0.056723,0.1,200.0,200.0
short_tf10_0.82,0.809699,0.055391,0.1,200.0,250.0
short_tf10_0.82,0.807685,0.061063,0.1,220.0,31.0
short_tf10_0.82,0.808243,0.061451,0.1,220.0,50.0
short_tf10_0.82,0.803982,0.058023,0.1,220.0,100.0
short_tf10_0.82,0.805113,0.057074,0.1,220.0,150.0
short_tf10_0.82,0.809436,0.056786,0.1,220.0,200.0
short_tf10_0.82,0.809823,0.055522,0.1,220.0,250.0
short_tf10_0.82,0.792609,0.058709,0.5,40.0,31.0
short_tf10_0.82,0.810226,0.055942,0.5,40.0,50.0
short_tf10_0.82,0.807949,0.058161,0.5,40.0,100.0
short_tf10_0.82,0.803223,0.057108,0.5,40.0,150.0
short_tf10_0.82,0.80564,0.057323,0.5,40.0,200.0
short_tf10_0.82,0.810195,0.05765,0.5,40.0,250.0
short_tf10_0.82,0.790781,0.061362,0.5,60.0,31.0
short_tf10_0.82,0.808073,0.055526,0.5,60.0,50.0
short_tf10_0.82,0.807174,0.05896,0.5,60.0,100.0
short_tf10_0.82,0.806151,0.056854,0.5,60.0,150.0
short_tf10_0.82,0.795197,0.066765,0.5,60.0,200.0
short_tf10_0.82,0.811202,0.05787,0.5,60.0,250.0
short_tf10_0.82,0.792315,0.062012,0.5,80.0,31.0
short_tf10_0.82,0.806368,0.056446,0.5,80.0,50.0
short_tf10_0.82,0.806833,0.059426,0.5,80.0,100.0
short_tf10_0.82,0.795166,0.05887,0.5,80.0,150.0
short_tf10_0.82,0.794902,0.066469,0.5,80.0,200.0
short_tf10_0.82,0.810629,0.057975,0.5,80.0,250.0
short_tf10_0.82,0.786876,0.061539,0.5,100.0,31.0
short_tf10_0.82,0.803936,0.057302,0.5,100.0,50.0
short_tf10_0.82,0.805578,0.059237,0.5,100.0,100.0
short_tf10_0.82,0.795693,0.059396,0.5,100.0,150.0
short_tf10_0.82,0.795243,0.066947,0.5,100.0,200.0
short_tf10_0.82,0.810939,0.058073,0.5,100.0,250.0
short_tf10_0.82,0.784304,0.064242,0.5,120.0,31.0
short_tf10_0.82,0.80846,0.056668,0.5,120.0,50.0
short_tf10_0.82,0.804416,0.059303,0.5,120.0,100.0
short_tf10_0.82,0.795352,0.059613,0.5,120.0,150.0
short_tf10_0.82,0.795507,0.067294,0.5,120.0,200.0
short_tf10_0.82,0.809668,0.058046,0.5,120.0,250.0
short_tf10_0.82,0.788565,0.06341,0.5,140.0,31.0
short_tf10_0.82,0.807701,0.056711,0.5,140.0,50.0
short_tf10_0.82,0.804462,0.059309,0.5,140.0,100.0
short_tf10_0.82,0.795429,0.059552,0.5,140.0,150.0
short_tf10_0.82,0.795383,0.067373,0.5,140.0,200.0
short_tf10_0.82,0.809684,0.058018,0.5,140.0,250.0
short_tf10_0.82,0.788736,0.063015,0.5,160.0,31.0
short_tf10_0.82,0.806492,0.056057,0.5,160.0,50.0
short_tf10_0.82,0.804927,0.059338,0.5,160.0,100.0
short_tf10_0.82,0.795584,0.059613,0.5,160.0,150.0
short_tf10_0.82,0.795197,0.067281,0.5,160.0,200.0
short_tf10_0.82,0.809328,0.058038,0.5,160.0,250.0
short_tf10_0.82,0.790115,0.06327,0.5,180.0,31.0
short_tf10_0.82,0.807158,0.059312,0.5,180.0,50.0
short_tf10_0.82,0.805191,0.059192,0.5,180.0,100.0
short_tf10_0.82,0.795274,0.059566,0.5,180.0,150.0
short_tf10_0.82,0.794995,0.067423,0.5,180.0,200.0
short_tf10_0.82,0.809498,0.058071,0.5,180.0,250.0
short_tf10_0.82,0.792826,0.065184,0.5,200.0,31.0
short_tf10_0.82,0.810226,0.058237,0.5,200.0,50.0
short_tf10_0.82,0.805144,0.059256,0.5,200.0,100.0
short_tf10_0.82,0.795181,0.059627,0.5,200.0,150.0
short_tf10_0.82,0.795042,0.067499,0.5,200.0,200.0
short_tf10_0.82,0.809219,0.058003,0.5,200.0,250.0
short_tf10_0.82,0.792609,0.066104,0.5,220.0,31.0
short_tf10_0.82,0.788875,0.080637,0.5,220.0,50.0
short_tf10_0.82,0.805005,0.059116,0.5,220.0,100.0
short_tf10_0.82,0.795259,0.059544,0.5,220.0,150.0
short_tf10_0.82,0.794964,0.067477,0.5,220.0,200.0
short_tf10_0.82,0.809018,0.058186,0.5,220.0,250.0
short_tf10_0.82,0.779408,0.056699,1.0,40.0,31.0
short_tf10_0.82,0.760133,0.09067,1.0,40.0,50.0
short_tf10_0.82,0.795057,0.047357,1.0,40.0,100.0
short_tf10_0.82,0.803192,0.051458,1.0,40.0,150.0
short_tf10_0.82,0.784692,0.065983,1.0,40.0,200.0
short_tf10_0.82,0.725473,0.132094,1.0,40.0,250.0
short_tf10_0.82,0.783855,0.056799,1.0,60.0,31.0
short_tf10_0.82,0.753548,0.093692,1.0,60.0,50.0
short_tf10_0.82,0.793229,0.048878,1.0,60.0,100.0
short_tf10_0.82,0.793492,0.060889,1.0,60.0,150.0
short_tf10_0.82,0.761156,0.090628,1.0,60.0,200.0
short_tf10_0.82,0.725147,0.13293,1.0,60.0,250.0
short_tf10_0.82,0.79216,0.052869,1.0,80.0,31.0
short_tf10_0.82,0.756864,0.093737,1.0,80.0,50.0
short_tf10_0.82,0.786179,0.056185,1.0,80.0,100.0
short_tf10_0.82,0.789805,0.057703,1.0,80.0,150.0
short_tf10_0.82,0.760505,0.090847,1.0,80.0,200.0
short_tf10_0.82,0.724977,0.133175,1.0,80.0,250.0
short_tf10_0.82,0.796731,0.05767,1.0,100.0,31.0
short_tf10_0.82,0.756384,0.093667,1.0,100.0,50.0
short_tf10_0.82,0.732491,0.177576,1.0,100.0,100.0
short_tf10_0.82,0.788829,0.058141,1.0,100.0,150.0
short_tf10_0.82,0.760954,0.091096,1.0,100.0,200.0
short_tf10_0.82,0.725163,0.133231,1.0,100.0,250.0
short_tf10_0.82,0.799117,0.055552,1.0,120.0,31.0
short_tf10_0.82,0.757546,0.102942,1.0,120.0,50.0
short_tf10_0.82,0.731143,0.179335,1.0,120.0,100.0
short_tf10_0.82,0.788286,0.058835,1.0,120.0,150.0
short_tf10_0.82,0.760629,0.09148,1.0,120.0,200.0
short_tf10_0.82,0.72445,0.13315,1.0,120.0,250.0
short_tf10_0.82,0.796994,0.058071,1.0,140.0,31.0
short_tf10_0.82,0.764813,0.094815,1.0,140.0,50.0
short_tf10_0.82,0.719275,0.176465,1.0,140.0,100.0
short_tf10_0.82,0.788689,0.059289,1.0,140.0,150.0
short_tf10_0.82,0.760846,0.09162,1.0,140.0,200.0
short_tf10_0.82,0.724527,0.133299,1.0,140.0,250.0
short_tf10_0.82,0.799442,0.056015,1.0,160.0,31.0
short_tf10_0.82,0.767168,0.097582,1.0,160.0,50.0
short_tf10_0.82,0.718841,0.176338,1.0,160.0,100.0
short_tf10_0.82,0.788736,0.058811,1.0,160.0,150.0
short_tf10_0.82,0.760861,0.091458,1.0,160.0,200.0
short_tf10_0.82,0.724853,0.133346,1.0,160.0,250.0
short_tf10_0.82,0.793461,0.061709,1.0,180.0,31.0
short_tf10_0.82,0.768097,0.096671,1.0,180.0,50.0
short_tf10_0.82,0.718779,0.176386,1.0,180.0,100.0
short_tf10_0.82,0.788953,0.058624,1.0,180.0,150.0
short_tf10_0.82,0.761063,0.091227,1.0,180.0,200.0
short_tf10_0.82,0.725302,0.133459,1.0,180.0,250.0
short_tf10_0.82,0.784258,0.070829,1.0,200.0,31.0
short_tf10_0.82,0.772017,0.093269,1.0,200.0,50.0
short_tf10_0.82,0.718748,0.17642,1.0,200.0,100.0
short_tf10_0.82,0.788984,0.05861,1.0,200.0,150.0
short_tf10_0.82,0.760954,0.091103,1.0,200.0,200.0
short_tf10_0.82,0.725178,0.133338,1.0,200.0,250.0
short_tf10_0.82,0.80189,0.058104,1.0,220.0,31.0
short_tf10_0.82,0.776759,0.091915,1.0,220.0,50.0
short_tf10_0.82,0.718764,0.17642,1.0,220.0,100.0
short_tf10_0.82,0.789077,0.059048,1.0,220.0,150.0
short_tf10_0.82,0.760954,0.091376,1.0,220.0,200.0
short_tf10_0.82,0.725163,0.133536,1.0,220.0,250.0
short_kf10,0.645525,0.094005,0.001,40.0,31.0
short_kf10,0.645525,0.094005,0.001,40.0,50.0
short_kf10,0.645525,0.094005,0.001,40.0,100.0
short_kf10,0.645525,0.094005,0.001,40.0,150.0
short_kf10,0.645525,0.094005,0.001,40.0,200.0
short_kf10,0.645525,0.094005,0.001,40.0,250.0
short_kf10,0.645525,0.094005,0.001,60.0,31.0
short_kf10,0.645525,0.094005,0.001,60.0,50.0
short_kf10,0.645525,0.094005,0.001,60.0,100.0
short_kf10,0.645525,0.094005,0.001,60.0,150.0
short_kf10,0.645525,0.094005,0.001,60.0,200.0
short_kf10,0.645525,0.094005,0.001,60.0,250.0
short_kf10,0.645525,0.094005,0.001,80.0,31.0
short_kf10,0.645525,0.094005,0.001,80.0,50.0
short_kf10,0.645525,0.094005,0.001,80.0,100.0
short_kf10,0.645525,0.094005,0.001,80.0,150.0
short_kf10,0.645525,0.094005,0.001,80.0,200.0
short_kf10,0.645525,0.094005,0.001,80.0,250.0
short_kf10,0.645525,0.094005,0.001,100.0,31.0
short_kf10,0.645525,0.094005,0.001,100.0,50.0
short_kf10,0.645525,0.094005,0.001,100.0,100.0
short_kf10,0.645525,0.094005,0.001,100.0,150.0
short_kf10,0.645525,0.094005,0.001,100.0,200.0
short_kf10,0.645525,0.094005,0.001,100.0,250.0
short_kf10,0.645525,0.094005,0.001,120.0,31.0
short_kf10,0.645525,0.094005,0.001,120.0,50.0
short_kf10,0.645525,0.094005,0.001,120.0,100.0
short_kf10,0.645525,0.094005,0.001,120.0,150.0
short_kf10,0.645525,0.094005,0.001,120.0,200.0
short_kf10,0.645525,0.094005,0.001,120.0,250.0
short_kf10,0.645525,0.094005,0.001,140.0,31.0
short_kf10,0.645525,0.094005,0.001,140.0,50.0
short_kf10,0.645525,0.094005,0.001,140.0,100.0
short_kf10,0.645525,0.094005,0.001,140.0,150.0
short_kf10,0.645525,0.094005,0.001,140.0,200.0
short_kf10,0.645525,0.094005,0.001,140.0,250.0
short_kf10,0.645525,0.094005,0.001,160.0,31.0
short_kf10,0.645525,0.094005,0.001,160.0,50.0
short_kf10,0.645525,0.094005,0.001,160.0,100.0
short_kf10,0.645525,0.094005,0.001,160.0,150.0
short_kf10,0.645525,0.094005,0.001,160.0,200.0
short_kf10,0.645525,0.094005,0.001,160.0,250.0
short_kf10,0.645525,0.094005,0.001,180.0,31.0
short_kf10,0.645525,0.094005,0.001,180.0,50.0
short_kf10,0.645525,0.094005,0.001,180.0,100.0
short_kf10,0.645525,0.094005,0.001,180.0,150.0
short_kf10,0.645525,0.094005,0.001,180.0,200.0
short_kf10,0.645525,0.094005,0.001,180.0,250.0
short_kf10,0.645525,0.094005,0.001,200.0,31.0
short_kf10,0.645525,0.094005,0.001,200.0,50.0
short_kf10,0.645525,0.094005,0.001,200.0,100.0
short_kf10,0.645525,0.094005,0.001,200.0,150.0
short_kf10,0.645525,0.094005,0.001,200.0,200.0
short_kf10,0.645525,0.094005,0.001,200.0,250.0
short_kf10,0.645525,0.094005,0.001,220.0,31.0
short_kf10,0.645525,0.094005,0.001,220.0,50.0
short_kf10,0.645525,0.094005,0.001,220.0,100.0
short_kf10,0.645525,0.094005,0.001,220.0,150.0
short_kf10,0.645525,0.094005,0.001,220.0,200.0
short_kf10,0.645525,0.094005,0.001,220.0,250.0
short_kf10,0.645525,0.094005,0.005,40.0,31.0
short_kf10,0.645525,0.094005,0.005,40.0,50.0
short_kf10,0.645525,0.094005,0.005,40.0,100.0
short_kf10,0.645525,0.094005,0.005,40.0,150.0
short_kf10,0.645525,0.094005,0.005,40.0,200.0
short_kf10,0.645525,0.094005,0.005,40.0,250.0
short_kf10,0.754806,0.108476,0.005,60.0,31.0
short_kf10,0.76427,0.11037,0.005,60.0,50.0
short_kf10,0.785144,0.072228,0.005,60.0,100.0
short_kf10,0.780806,0.062122,0.005,60.0,150.0
short_kf10,0.789679,0.06711,0.005,60.0,200.0
short_kf10,0.794045,0.064241,0.005,60.0,250.0
short_kf10,0.825186,0.056595,0.005,80.0,31.0
short_kf10,0.828397,0.053294,0.005,80.0,50.0
short_kf10,0.816778,0.055176,0.005,80.0,100.0
short_kf10,0.809693,0.060735,0.005,80.0,150.0
short_kf10,0.804031,0.065374,0.005,80.0,200.0
short_kf10,0.799721,0.067167,0.005,80.0,250.0
short_kf10,0.837904,0.054517,0.005,100.0,31.0
short_kf10,0.838369,0.049367,0.005,100.0,50.0
short_kf10,0.821271,0.055881,0.005,100.0,100.0
short_kf10,0.81182,0.058199,0.005,100.0,150.0
short_kf10,0.807482,0.064561,0.005,100.0,200.0
short_kf10,0.802623,0.067148,0.005,100.0,250.0
short_kf10,0.83765,0.054716,0.005,120.0,31.0
short_kf10,0.838298,0.047806,0.005,120.0,50.0
short_kf10,0.822031,0.058479,0.005,120.0,100.0
short_kf10,0.813735,0.059023,0.005,120.0,150.0
short_kf10,0.806383,0.066415,0.005,120.0,200.0
short_kf10,0.795918,0.078585,0.005,120.0,250.0
short_kf10,0.839439,0.055575,0.005,140.0,31.0
short_kf10,0.838665,0.049269,0.005,140.0,50.0
short_kf10,0.820172,0.055903,0.005,140.0,100.0
short_kf10,0.81044,0.059225,0.005,140.0,150.0
short_kf10,0.805313,0.071879,0.005,140.0,200.0
short_kf10,0.796623,0.080536,0.005,140.0,250.0
short_kf10,0.840115,0.058523,0.005,160.0,31.0
short_kf10,0.838115,0.051366,0.005,160.0,50.0
short_kf10,0.821285,0.053249,0.005,160.0,100.0
short_kf10,0.811045,0.059147,0.005,160.0,150.0
short_kf10,0.802285,0.074871,0.005,160.0,200.0
short_kf10,0.796989,0.082675,0.005,160.0,250.0
short_kf10,0.842045,0.057441,0.005,180.0,31.0
short_kf10,0.839115,0.051265,0.005,180.0,50.0
short_kf10,0.824285,0.054282,0.005,180.0,100.0
short_kf10,0.813228,0.058894,0.005,180.0,150.0
short_kf10,0.801031,0.076004,0.005,180.0,200.0
short_kf10,0.797454,0.083905,0.005,180.0,250.0
short_kf10,0.840158,0.060415,0.005,200.0,31.0
short_kf10,0.839073,0.052674,0.005,200.0,50.0
short_kf10,0.829482,0.051868,0.005,200.0,100.0
short_kf10,0.816172,0.058868,0.005,200.0,150.0
short_kf10,0.805735,0.067212,0.005,200.0,200.0
short_kf10,0.798031,0.082805,0.005,200.0,250.0
short_kf10,0.840003,0.059966,0.005,220.0,31.0
short_kf10,0.837791,0.052395,0.005,220.0,50.0
short_kf10,0.832918,0.051118,0.005,220.0,100.0
short_kf10,0.818045,0.056731,0.005,220.0,150.0
short_kf10,0.808327,0.064349,0.005,220.0,200.0
short_kf10,0.800693,0.082341,0.005,220.0,250.0
short_kf10,0.825538,0.056291,0.01,40.0,31.0
short_kf10,0.829749,0.052541,0.01,40.0,50.0
short_kf10,0.818764,0.055291,0.01,40.0,100.0
short_kf10,0.813045,0.060352,0.01,40.0,150.0
short_kf10,0.805637,0.064122,0.01,40.0,200.0
short_kf10,0.80044,0.067608,0.01,40.0,250.0
short_kf10,0.839805,0.052052,0.01,60.0,31.0
short_kf10,0.839467,0.048775,0.01,60.0,50.0
short_kf10,0.821876,0.057786,0.01,60.0,100.0
short_kf10,0.813158,0.060052,0.01,60.0,150.0
short_kf10,0.806496,0.066095,0.01,60.0,200.0
short_kf10,0.795947,0.078452,0.01,60.0,250.0
short_kf10,0.839636,0.059366,0.01,80.0,31.0
short_kf10,0.83827,0.051364,0.01,80.0,50.0
short_kf10,0.821482,0.054049,0.01,80.0,100.0
short_kf10,0.813073,0.058291,0.01,80.0,150.0
short_kf10,0.8032,0.075196,0.01,80.0,200.0
short_kf10,0.796735,0.082198,0.01,80.0,250.0
short_kf10,0.840312,0.057255,0.01,100.0,31.0
short_kf10,0.839017,0.051743,0.01,100.0,50.0
short_kf10,0.828073,0.051914,0.01,100.0,100.0
short_kf10,0.815763,0.058097,0.01,100.0,150.0
short_kf10,0.806327,0.065752,0.01,100.0,200.0
short_kf10,0.79789,0.082144,0.01,100.0,250.0
short_kf10,0.840989,0.057332,0.01,120.0,31.0
short_kf10,0.836327,0.050008,0.01,120.0,50.0
short_kf10,0.832256,0.050728,0.01,120.0,100.0
short_kf10,0.819031,0.056852,0.01,120.0,150.0
short_kf10,0.810031,0.064464,0.01,120.0,200.0
short_kf10,0.805313,0.072242,0.01,120.0,250.0
short_kf10,0.842214,0.057454,0.01,140.0,31.0
short_kf10,0.836341,0.051761,0.01,140.0,50.0
short_kf10,0.833946,0.052467,0.01,140.0,100.0
short_kf10,0.831735,0.051758,0.01,140.0,150.0
short_kf10,0.814313,0.065879,0.01,140.0,200.0
short_kf10,0.806594,0.071291,0.01,140.0,250.0
short_kf10,0.844552,0.056922,0.01,160.0,31.0
short_kf10,0.837186,0.052117,0.01,160.0,50.0
short_kf10,0.831439,0.053731,0.01,160.0,100.0
short_kf10,0.833003,0.052749,0.01,160.0,150.0
short_kf10,0.814369,0.066159,0.01,160.0,200.0
short_kf10,0.808383,0.071156,0.01,160.0,250.0
short_kf10,0.844017,0.058243,0.01,180.0,31.0
short_kf10,0.838594,0.052412,0.01,180.0,50.0
short_kf10,0.831214,0.054388,0.01,180.0,100.0
short_kf10,0.832313,0.053149,0.01,180.0,150.0
short_kf10,0.819228,0.061055,0.01,180.0,200.0
short_kf10,0.812186,0.069567,0.01,180.0,250.0
short_kf10,0.844834,0.058515,0.01,200.0,31.0
short_kf10,0.839763,0.053795,0.01,200.0,50.0
short_kf10,0.830482,0.055805,0.01,200.0,100.0
short_kf10,0.830763,0.054314,0.01,200.0,150.0
short_kf10,0.820989,0.058946,0.01,200.0,200.0
short_kf10,0.816834,0.065588,0.01,200.0,250.0
short_kf10,0.844284,0.05645,0.01,220.0,31.0
short_kf10,0.838876,0.055679,0.01,220.0,50.0
short_kf10,0.831313,0.056388,0.01,220.0,100.0
short_kf10,0.829566,0.056979,0.01,220.0,150.0
short_kf10,0.822932,0.059742,0.01,220.0,200.0
short_kf10,0.820904,0.062902,0.01,220.0,250.0
short_kf10,0.84627,0.055576,0.05,40.0,31.0
short_kf10,0.840791,0.051158,0.05,40.0,50.0
short_kf10,0.83327,0.054827,0.05,40.0,100.0
short_kf10,0.833031,0.054969,0.05,40.0,150.0
short_kf10,0.825763,0.059547,0.05,40.0,200.0
short_kf10,0.821087,0.058323,0.05,40.0,250.0
short_kf10,0.846862,0.051153,0.05,60.0,31.0
short_kf10,0.840848,0.05638,0.05,60.0,50.0
short_kf10,0.8332,0.05956,0.05,60.0,100.0
short_kf10,0.830862,0.058263,0.05,60.0,150.0
short_kf10,0.824665,0.062015,0.05,60.0,200.0
short_kf10,0.825298,0.061434,0.05,60.0,250.0
short_kf10,0.846214,0.052005,0.05,80.0,31.0
short_kf10,0.843749,0.052676,0.05,80.0,50.0
short_kf10,0.834721,0.05519,0.05,80.0,100.0
short_kf10,0.832876,0.053523,0.05,80.0,150.0
short_kf10,0.829636,0.060125,0.05,80.0,200.0
short_kf10,0.826665,0.062724,0.05,80.0,250.0
short_kf10,0.846298,0.049659,0.05,100.0,31.0
short_kf10,0.84151,0.053924,0.05,100.0,50.0
short_kf10,0.831862,0.05651,0.05,100.0,100.0
short_kf10,0.829778,0.053959,0.05,100.0,150.0
short_kf10,0.833045,0.053662,0.05,100.0,200.0
short_kf10,0.828411,0.055699,0.05,100.0,250.0
short_kf10,0.848101,0.048743,0.05,120.0,31.0
short_kf10,0.841439,0.05313,0.05,120.0,50.0
short_kf10,0.830285,0.057506,0.05,120.0,100.0
short_kf10,0.828637,0.054319,0.05,120.0,150.0
short_kf10,0.831298,0.052803,0.05,120.0,200.0
short_kf10,0.830651,0.053472,0.05,120.0,250.0
short_kf10,0.849707,0.047253,0.05,140.0,31.0
short_kf10,0.841904,0.052252,0.05,140.0,50.0
short_kf10,0.83151,0.056725,0.05,140.0,100.0
short_kf10,0.830144,0.052508,0.05,140.0,150.0
short_kf10,0.830425,0.052609,0.05,140.0,200.0
short_kf10,0.831341,0.051738,0.05,140.0,250.0
short_kf10,0.848594,0.047624,0.05,160.0,31.0
short_kf10,0.843144,0.050029,0.05,160.0,50.0
short_kf10,0.832637,0.056276,0.05,160.0,100.0
short_kf10,0.830355,0.051861,0.05,160.0,150.0
short_kf10,0.832467,0.05095,0.05,160.0,200.0
short_kf10,0.832453,0.049828,0.05,160.0,250.0
short_kf10,0.847453,0.048764,0.05,180.0,31.0
short_kf10,0.842467,0.050999,0.05,180.0,50.0
short_kf10,0.833369,0.056702,0.05,180.0,100.0
short_kf10,0.830524,0.052511,0.05,180.0,150.0
short_kf10,0.833284,0.051036,0.05,180.0,200.0
short_kf10,0.832989,0.049753,0.05,180.0,250.0
short_kf10,0.846327,0.048425,0.05,200.0,31.0
short_kf10,0.8422,0.051903,0.05,200.0,50.0
short_kf10,0.83382,0.055409,0.05,200.0,100.0
short_kf10,0.830496,0.053089,0.05,200.0,150.0
short_kf10,0.831989,0.051196,0.05,200.0,200.0
short_kf10,0.832552,0.049452,0.05,200.0,250.0
short_kf10,0.845524,0.049237,0.05,220.0,31.0
short_kf10,0.840383,0.051357,0.05,220.0,50.0
short_kf10,0.833904,0.055069,0.05,220.0,100.0
short_kf10,0.830214,0.053433,0.05,220.0,150.0
short_kf10,0.831693,0.050757,0.05,220.0,200.0
short_kf10,0.832876,0.049133,0.05,220.0,250.0
short_kf10,0.847721,0.052049,0.1,40.0,31.0
short_kf10,0.838496,0.058377,0.1,40.0,50.0
short_kf10,0.830383,0.056674,0.1,40.0,100.0
short_kf10,0.829341,0.054164,0.1,40.0,150.0
short_kf10,0.827482,0.059879,0.1,40.0,200.0
short_kf10,0.826116,0.057173,0.1,40.0,250.0
short_kf10,0.846806,0.050071,0.1,60.0,31.0
short_kf10,0.840369,0.052177,0.1,60.0,50.0
short_kf10,0.831932,0.05722,0.1,60.0,100.0
short_kf10,0.83327,0.049606,0.1,60.0,150.0
short_kf10,0.832158,0.052673,0.1,60.0,200.0
short_kf10,0.829623,0.053851,0.1,60.0,250.0
short_kf10,0.846327,0.051149,0.1,80.0,31.0
short_kf10,0.841017,0.048745,0.1,80.0,50.0
short_kf10,0.83196,0.057595,0.1,80.0,100.0
short_kf10,0.834369,0.048367,0.1,80.0,150.0
short_kf10,0.83151,0.051354,0.1,80.0,200.0
short_kf10,0.830862,0.050215,0.1,80.0,250.0
short_kf10,0.845749,0.051485,0.1,100.0,31.0
short_kf10,0.837087,0.050263,0.1,100.0,50.0
short_kf10,0.830932,0.057153,0.1,100.0,100.0
short_kf10,0.833989,0.048973,0.1,100.0,150.0
short_kf10,0.833172,0.049278,0.1,100.0,200.0
short_kf10,0.832242,0.049734,0.1,100.0,250.0
short_kf10,0.845566,0.05147,0.1,120.0,31.0
short_kf10,0.836284,0.052305,0.1,120.0,50.0
short_kf10,0.830608,0.056214,0.1,120.0,100.0
short_kf10,0.833228,0.049398,0.1,120.0,150.0
short_kf10,0.832763,0.050641,0.1,120.0,200.0
short_kf10,0.833355,0.049504,0.1,120.0,250.0
short_kf10,0.842975,0.054304,0.1,140.0,31.0
short_kf10,0.836299,0.052654,0.1,140.0,50.0
short_kf10,0.830848,0.056934,0.1,140.0,100.0
short_kf10,0.832087,0.049949,0.1,140.0,150.0
short_kf10,0.833467,0.051049,0.1,140.0,200.0
short_kf10,0.833355,0.049938,0.1,140.0,250.0
short_kf10,0.841129,0.056114,0.1,160.0,31.0
short_kf10,0.83489,0.050851,0.1,160.0,50.0
short_kf10,0.83151,0.056481,0.1,160.0,100.0
short_kf10,0.831693,0.050367,0.1,160.0,150.0
short_kf10,0.833327,0.051089,0.1,160.0,200.0
short_kf10,0.833115,0.049958,0.1,160.0,250.0
short_kf10,0.839791,0.057858,0.1,180.0,31.0
short_kf10,0.833806,0.051554,0.1,180.0,50.0
short_kf10,0.831087,0.056095,0.1,180.0,100.0
short_kf10,0.83151,0.048897,0.1,180.0,150.0
short_kf10,0.831693,0.053083,0.1,180.0,200.0
short_kf10,0.833115,0.05003,0.1,180.0,250.0
short_kf10,0.838327,0.057156,0.1,200.0,31.0
short_kf10,0.833721,0.052418,0.1,200.0,50.0
short_kf10,0.829608,0.056125,0.1,200.0,100.0
short_kf10,0.831087,0.049331,0.1,200.0,150.0
short_kf10,0.831101,0.054065,0.1,200.0,200.0
short_kf10,0.833242,0.049648,0.1,200.0,250.0
short_kf10,0.836989,0.056554,0.1,220.0,31.0
short_kf10,0.833003,0.052659,0.1,220.0,50.0
short_kf10,0.829763,0.055167,0.1,220.0,100.0
short_kf10,0.831974,0.049651,0.1,220.0,150.0
short_kf10,0.82982,0.054666,0.1,220.0,200.0
short_kf10,0.833749,0.049335,0.1,220.0,250.0
short_kf10,0.829848,0.048549,0.5,40.0,31.0
short_kf10,0.818384,0.051743,0.5,40.0,50.0
short_kf10,0.818425,0.053137,0.5,40.0,100.0
short_kf10,0.830608,0.053176,0.5,40.0,150.0
short_kf10,0.828214,0.052111,0.5,40.0,200.0
short_kf10,0.827961,0.052568,0.5,40.0,250.0
short_kf10,0.826791,0.053373,0.5,60.0,31.0
short_kf10,0.815088,0.054807,0.5,60.0,50.0
short_kf10,0.822115,0.051313,0.5,60.0,100.0
short_kf10,0.821341,0.053901,0.5,60.0,150.0
short_kf10,0.828623,0.051925,0.5,60.0,200.0
short_kf10,0.805693,0.080901,0.5,60.0,250.0
short_kf10,0.827383,0.050643,0.5,80.0,31.0
short_kf10,0.813975,0.054885,0.5,80.0,50.0
short_kf10,0.820017,0.037878,0.5,80.0,100.0
short_kf10,0.797453,0.06966,0.5,80.0,150.0
short_kf10,0.828115,0.051771,0.5,80.0,200.0
short_kf10,0.806087,0.080446,0.5,80.0,250.0
short_kf10,0.828834,0.047933,0.5,100.0,31.0
short_kf10,0.809102,0.050295,0.5,100.0,50.0
short_kf10,0.795229,0.045214,0.5,100.0,100.0
short_kf10,0.797735,0.070511,0.5,100.0,150.0
short_kf10,0.827679,0.052384,0.5,100.0,200.0
short_kf10,0.806355,0.080624,0.5,100.0,250.0
short_kf10,0.830834,0.045927,0.5,120.0,31.0
short_kf10,0.809397,0.050114,0.5,120.0,50.0
short_kf10,0.790468,0.07499,0.5,120.0,100.0
short_kf10,0.797636,0.070395,0.5,120.0,150.0
short_kf10,0.828101,0.05249,0.5,120.0,200.0
short_kf10,0.806594,0.080716,0.5,120.0,250.0
short_kf10,0.827974,0.043881,0.5,140.0,31.0
short_kf10,0.815158,0.049466,0.5,140.0,50.0
short_kf10,0.79282,0.065652,0.5,140.0,100.0
short_kf10,0.7972,0.070305,0.5,140.0,150.0
short_kf10,0.828439,0.052034,0.5,140.0,200.0
short_kf10,0.80613,0.080442,0.5,140.0,250.0
short_kf10,0.827284,0.042128,0.5,160.0,31.0
short_kf10,0.815398,0.047986,0.5,160.0,50.0
short_kf10,0.799425,0.067112,0.5,160.0,100.0
short_kf10,0.797369,0.070403,0.5,160.0,150.0
short_kf10,0.828031,0.052095,0.5,160.0,200.0
short_kf10,0.806637,0.08063,0.5,160.0,250.0
short_kf10,0.827735,0.047149,0.5,180.0,31.0
short_kf10,0.807538,0.045998,0.5,180.0,50.0
short_kf10,0.799693,0.067604,0.5,180.0,100.0
short_kf10,0.797284,0.07023,0.5,180.0,150.0
short_kf10,0.828045,0.052369,0.5,180.0,200.0
short_kf10,0.806397,0.080571,0.5,180.0,250.0
short_kf10,0.828059,0.045769,0.5,200.0,31.0
short_kf10,0.811045,0.031255,0.5,200.0,50.0
short_kf10,0.799552,0.067507,0.5,200.0,100.0
short_kf10,0.797284,0.070066,0.5,200.0,150.0
short_kf10,0.82782,0.052312,0.5,200.0,200.0
short_kf10,0.806651,0.080497,0.5,200.0,250.0
short_kf10,0.821566,0.044408,0.5,220.0,31.0
short_kf10,0.805046,0.047219,0.5,220.0,50.0
short_kf10,0.799496,0.067472,0.5,220.0,100.0
short_kf10,0.797313,0.069755,0.5,220.0,150.0
short_kf10,0.827777,0.052239,0.5,220.0,200.0
short_kf10,0.806735,0.080401,0.5,220.0,250.0
short_kf10,0.813651,0.043337,1.0,40.0,31.0
short_kf10,0.808975,0.042212,1.0,40.0,50.0
short_kf10,0.809327,0.039968,1.0,40.0,100.0
short_kf10,0.794313,0.045741,1.0,40.0,150.0
short_kf10,0.71851,0.09324,1.0,40.0,200.0
short_kf10,0.801087,0.060195,1.0,40.0,250.0
short_kf10,0.81613,0.048826,1.0,60.0,31.0
short_kf10,0.799693,0.054964,1.0,60.0,50.0
short_kf10,0.806792,0.035881,1.0,60.0,100.0
short_kf10,0.809157,0.047989,1.0,60.0,150.0
short_kf10,0.652016,0.159116,1.0,60.0,200.0
short_kf10,0.794537,0.065615,1.0,60.0,250.0
short_kf10,0.813468,0.053095,1.0,80.0,31.0
short_kf10,0.806031,0.046905,1.0,80.0,50.0
short_kf10,0.792496,0.034193,1.0,80.0,100.0
short_kf10,0.768159,0.102359,1.0,80.0,150.0
short_kf10,0.700552,0.117172,1.0,80.0,200.0
short_kf10,0.794805,0.065774,1.0,80.0,250.0
short_kf10,0.81675,0.047451,1.0,100.0,31.0
short_kf10,0.806792,0.044575,1.0,100.0,50.0
short_kf10,0.804327,0.045024,1.0,100.0,100.0
short_kf10,0.682328,0.11501,1.0,100.0,150.0
short_kf10,0.700552,0.117172,1.0,100.0,200.0
short_kf10,0.794861,0.065808,1.0,100.0,250.0
short_kf10,0.814045,0.044937,1.0,120.0,31.0
short_kf10,0.799707,0.038792,1.0,120.0,50.0
short_kf10,0.810088,0.033064,1.0,120.0,100.0
short_kf10,0.682328,0.11501,1.0,120.0,150.0
short_kf10,0.700552,0.117172,1.0,120.0,200.0
short_kf10,0.794861,0.065808,1.0,120.0,250.0
short_kf10,0.81551,0.039224,1.0,140.0,31.0
short_kf10,0.796158,0.047738,1.0,140.0,50.0
short_kf10,0.795172,0.05091,1.0,140.0,100.0
short_kf10,0.682328,0.11501,1.0,140.0,150.0
short_kf10,0.700552,0.117172,1.0,140.0,200.0
short_kf10,0.794974,0.065879,1.0,140.0,250.0
short_kf10,0.814059,0.038478,1.0,160.0,31.0
short_kf10,0.798145,0.04283,1.0,160.0,50.0
short_kf10,0.799932,0.052837,1.0,160.0,100.0
short_kf10,0.682328,0.11501,1.0,160.0,150.0
short_kf10,0.700552,0.117172,1.0,160.0,200.0
short_kf10,0.795016,0.065906,1.0,160.0,250.0
short_kf10,0.81575,0.0412,1.0,180.0,31.0
short_kf10,0.795298,0.040936,1.0,180.0,50.0
short_kf10,0.799932,0.052837,1.0,180.0,100.0
short_kf10,0.682328,0.11501,1.0,180.0,150.0
short_kf10,0.700552,0.117172,1.0,180.0,200.0
short_kf10,0.795058,0.065933,1.0,180.0,250.0
short_kf10,0.812975,0.037292,1.0,200.0,31.0
short_kf10,0.786495,0.040963,1.0,200.0,50.0
short_kf10,0.799932,0.052837,1.0,200.0,100.0
short_kf10,0.682328,0.11501,1.0,200.0,150.0
short_kf10,0.700552,0.117172,1.0,200.0,200.0
short_kf10,0.795143,0.065988,1.0,200.0,250.0
short_kf10,0.814314,0.036048,1.0,220.0,31.0
short_kf10,0.797848,0.044506,1.0,220.0,50.0
short_kf10,0.799932,0.052837,1.0,220.0,100.0
short_kf10,0.682328,0.11501,1.0,220.0,150.0
short_kf10,0.700552,0.117172,1.0,220.0,200.0
short_kf10,0.795072,0.065942,1.0,220.0,250.0
